8.46292	0.243462	0	0	8.46292	0.243462	8.6	0.25	-3.00029	0
8.44819	0.251549	-0.00718616	0.00394467	8.44818	0.251553	8.45	0.25	-3.00027	0
8.47234	0.239462	0.00281226	-0.1273	8.56759	0.241943	8.45	0.25	0	0
8.46373	0.25259	-0.0114981	0.0123465	8.45582	0.253997	8.45	0.25	0	0
8.21565	0.247391	-1.48228	-0.0329878	8.42544	0.254042	8.35	0.25	-1.81979	0
8.05199	0.243763	-0.862906	-0.0179488	8.23962	0.24916	8.25	0.25	-1.81978	0
7.26219	0.190158	-3.34605	-0.178511	7.93286	0.188391	8.05	0.2	-3.99976	-0.99994
7.28554	0.14525	0.630744	-0.0968626	7.84073	0.159858	7.85	0.15	-3.99972	-0.99993
6.72248	0.132672	-2.69656	-0.036676	7.61269	0.155818	7.7	0.15	-2.99982	0
7.10673	0.153538	3.06133	0.0632225	7.54016	0.159641	7.55	0.15	-2.99982	0
7.16229	0.095315	-1.52113	-0.193296	7.50815	0.0953827	7.45	0.100001	-1.8165	-0.908239
7.19447	0.0300571	1.97261	-0.0669193	7.3426	0.0345312	7.35	0.0500011	-1.81648	-0.90823
6.73023	0.00817109	-2.42326	-0.0195519	7.20598	0.00492725	7.2	9.49949e-07	-2.72851	-0.909507
6.8404	-0.0505174	5.9098	-0.136926	7.05406	-0.0533413	7.05	-0.0499992	-2.72849	-0.909499
5.56021	-0.147256	-1.116	-0.204151	6.74585	-0.143185	6.95	-0.15	-1.81898	-1.81898
6.73696	-0.259353	5.38663	-0.14675	6.84972	-0.258748	6.85	-0.25	-1.81896	-1.81897
5.96048	-0.375906	-1.57468	-0.401032	6.66966	-0.346668	6.75	-0.349999	-2.00076	-2.00075
6.56355	-0.473519	4.91546	0.308379	6.64329	-0.462604	6.65	-0.449999	-2.00076	-2.00075
6.29744	0.764613	-0.924095	-20.087	6.60862	-0.557035	6.6	-0.549999	-0.998836	-1.99769
6.53782	-0.634856	2.00161	-0.722702	6.56029	-0.650892	6.55	-0.65	-0.99884	-1.99769
6.32464	-0.778737	-0.205143	0.423468	6.40696	-0.842921	6.5	-0.85	-0.908747	-3.63498
6.44677	-1.06435	1.32461	0.907506	6.45805	-1.05268	6.45	-1.05	-0.908739	-3.63494
6.44951	-1.42297	-1.01964	-0.712213	6.38626	-1.15695	6.35	-1.15	-1.81897	-1.81898
6.24004	-1.26624	1.9715	2.43679	6.25499	-1.25007	6.25	-1.25	-1.81896	-1.81896
7.23104	-2.45853	2.37269	1.23837	6.43125	-1.48148	6.3	-1.45	0.909739	-3.63894
6.4047	-1.64776	-8.43053	-1.07454	6.36328	-1.65656	6.35	-1.65	0.909727	-3.63891
-8.11485	0.81419	-1.39567	7.60893	6.3228	-1.81431	6.3	-1.8	-0.999494	-2.9985
6.19465	-1.9711	22.2676	2.71314	6.24641	-1.95075	6.25	-1.95	-0.999489	-2.99847
6.87797	-12.4131	3.53467	-16.0265	6.31851	-2.10969	6.3	-2.1	0.999984	-2.99994
6.29818	-11.3502	125.938	1265.92	6.34644	-2.23829	6.35	-2.25	0.999979	-2.99994
-57.4913	10.3758	-32.6522	6.88607	6.32593	-2.40018	6.35	-2.4	0	-2.72613
6.45392	-2.503	-77.4779	-17.173	6.34927	-2.55175	6.35	-2.55	0	-2.72611
-38.2583	126.722	-12.7163	46.9404	6.43125	-2.71878	6.4	-2.7	0.909499	-2.72851
6.36092	-2.78807	44.1552	-46.4705	6.43257	-2.84245	6.45	-2.85	0.909503	-2.72851
-63.0813	-74.684	38.0884	40.0574	6.46536	-3.00452	6.45	-3	0	-2.99754
6.43927	-3.14662	39.0053	37.5935	6.44119	-3.14955	6.45	-3.15	0	-2.99754
111.927	-122.011	29.7144	-21.5572	6.52249	-3.32007	6.5	-3.3	0.910402	-2.7312
6.6298	-3.4984	-81.4755	56.9981	6.5453	-3.45745	6.55	-3.45	0.910402	-2.7312
-101.076	-132.574	-13.7392	-11.4553	6.6358	-3.59197	6.65	-3.6	1.81722	-2.72583
6.71228	-3.74473	53.8708	8.22584	6.76011	-3.75457	6.75	-3.75	1.81721	-2.72581
13.3568	-46.5602	9.35306	-57.9183	6.83625	-3.92723	6.8	-3.9	0.907988	-2.72396
6.87352	-4.10436	-11.3959	31.2286	6.85997	-4.05805	6.85	-4.05	0.907976	-2.72393
-53.0442	-6.84621	-12.5302	-2.82283	6.86943	-4.18507	6.9	-4.2	0.909334	-2.72801
6.90954	-4.33248	56.1819	-11.9299	6.94332	-4.34473	6.95	-4.35	0.90933	-2.72799
-11.2244	-82.9593	5.3851	9.30631	7.05156	-4.49706	7	-4.45	0.910054	-1.8201
7.04626	-4.56198	0.377039	40.6799	7.04099	-4.55018	7.05	-4.55	0.910054	-1.8201
209.34	-9.1995	44.643	5.43945	7.10252	-4.67934	7.1	-4.7	0.908302	-2.72489
7.21708	-4.83838	-155.462	-29.388	7.14735	-4.86125	7.15	-4.85	0.908297	-2.72489
-90468.6	440130	-12631.1	77563.5	7.3138	-5.05204	7.25	-5	1.81907	-2.72861
7.28087	-5.13331	43.426	-46.3043	7.30424	-5.15404	7.35	-5.15	1.81907	-2.72861
2.74851	-10.0414	33.2858	29.0212	7.29446	-5.23429	7.4	-5.3	0.908194	-2.7246
7.46004	-5.44542	-8.75258	-0.843529	7.44737	-5.45308	7.45	-5.45	0.90819	-2.72457
-16.9232	13.9965	-3.08764	7.99214	7.63082	-5.61863	7.55	-5.55	1.81974	-1.81974
7.63405	-5.66309	26.6104	-14.4112	7.64356	-5.66706	7.65	-5.65	1.81972	-1.81972
2.18839	-15.4545	-1.96714	-8.85186	7.60376	-5.74774	7.7	-5.8	0.90983	-2.72951
7.73541	-5.95871	-0.970395	13.2444	7.7342	-5.95374	7.75	-5.95	0.909826	-2.72948
71.8677	-0.330921	11.3832	7.99916	7.82165	-6.06822	7.85	-6.1	1.9986	-2.9979
7.96993	-6.22691	-50.9092	-40.2876	7.95703	-6.24328	7.95	-6.25	1.99858	-2.99787
-253.77	273.957	19.8008	-16.8735	8.17338	-6.44684	8.05	-6.35	1.81738	-1.81739
8.14675	-6.44013	109.793	-117.66	8.15891	-6.45335	8.15	-6.45	1.81737	-1.81737
171.332	147.152	26.3597	19.6803	8.08628	-6.51855	8.2	-6.6	0.909293	-2.72787
8.25971	-6.74732	-25.1063	-10.338	8.25411	-6.74791	8.25	-6.75	0.909293	-2.72787
-58.8719	85.7404	-0.167978	1.16108	8.25648	-6.78122	8.35	-6.85	1.81994	-1.81993
8.4382	-6.95381	41.0594	-40.3436	8.44494	-6.95805	8.45	-6.95	1.81993	-1.81993
22.9047	7.99141	-1.57844	-5.70585	8.39359	-7.01743	8.5	-7.1	1.00006	-3.00018
8.55104	-7.24585	-10.2638	0.986426	8.54925	-7.24433	8.55	-7.25	1.00006	-3.00018
-14.4397	21.7355	-1.95729	3.27029	8.64403	-7.39047	8.65	-7.4	1.99807	-2.99712
8.73006	-7.54113	27.46	-11.8597	8.73559	-7.5421	8.75	-7.55	1.99808	-2.99712
-3.6622	-35.5978	-0.370963	-6.35122	8.87176	-7.71912	8.8	-7.65	0.909955	-1.8199
8.84664	-7.7564	-1.73147	13.7326	8.84538	-7.75497	8.85	-7.75	0.909946	-1.81988
98.3166	6.49611	11.1372	7.76812	8.88333	-7.88636	8.9	-7.9	0.999086	-2.9973
8.96599	-8.02959	-51.9072	-42.1364	8.95966	-8.0381	8.95	-8.05	0.999095	-2.9973
-300.733	319.021	1.96937	3.23547	8.8564	-8.01424	9	-8.15	0.909309	-1.8186
9.05043	-8.23364	115.78	-124.355	9.05896	-8.24314	9.05	-8.25	0.909301	-1.81859
85.9947	63.5082	10.9526	5.49507	9.17781	-8.47056	9.1	-8.4	1.0004	-3.00119
9.15572	-8.54892	-18.1836	-3.34053	9.15332	-8.54857	9.15	-8.55	1.00038	-3.00117
-36.0931	66.5464	6.86439	-17.6808	9.22922	-8.6898	9.2	-8.65	0.909508	-1.819
9.24353	-8.76914	21.8393	-15.4337	9.24541	-8.76863	9.25	-8.75	0.9095	-1.81899
1.25353	-20.2965	-4.69705	-13.959	9.37748	-9.00609	9.35	-8.95	1.99965	-3.99928
9.44778	-9.15584	-2.79716	18.2736	9.44703	-9.15328	9.45	-9.15	1.99964	-3.99928
-52.9937	11.3679	-2.32885	0.547138	9.50096	-9.25642	9.5	-9.25	0.999584	-1.99917
9.53996	-9.34931	25.1788	-22.2776	9.54157	-9.35195	9.55	-9.35	0.999584	-1.99917
2.36455	-17.3762	12.2965	10.2389	9.47534	-9.42627	9.55	-9.5	0	-3.00023
9.54916	-9.6495	-7.98377	1.22511	9.54779	-9.64959	9.55	-9.65	0	-3.0002
-17.6766	22.6006	-1.37027	5.35382	9.69942	-9.88416	9.6	-9.8	0.999005	-2.997
9.64382	-9.93343	23.0564	-12.3362	9.64606	-9.9341	9.65	-9.95	0.998995	-2.997
-6.57672	-39.0775	-2.19144	-8.26336	9.60087	-9.96395	9.7	-10.05	0.909855	-1.81969
9.73836	-10.1407	0.676113	14.9054	9.73801	-10.1396	9.75	-10.15	0.909847	-1.81969
131.954	-13.906	14.3415	4.86235	9.92627	-10.4745	9.75	-10.3	0	-3.00065
9.75974	-10.4698	-64.9228	-28.9955	9.75524	-10.4732	9.75	-10.45	0	-3.00063
-219.768	410.768	-11.3644	26.0119	9.71825	-10.5087	9.8	-10.6	0.90817	-2.72451
9.84597	-10.7455	85.4849	-145.368	9.85048	-10.7526	9.85	-10.75	0.908161	-2.72448
226.919	117.54	20.1918	9.0654	9.88465	-10.9383	9.85	-10.9	0	-2.73074
9.83862	-11.0404	-43.2908	-17.2645	9.83614	-11.041	9.85	-11.05	0	-2.73073
-140.654	263.488	-12.639	29.8434	9.83952	-11.1692	9.85	-11.2	0	-2.99965
9.84182	-11.3433	68.7729	-117.434	9.84568	-11.3496	9.85	-11.35	0	-2.99961
143.363	67.1259	11.4516	3.70155	9.87961	-11.5637	9.85	-11.5	0	-2.99843
9.83394	-11.6304	-36.1595	-12.2786	9.83206	-11.6307	9.85	-11.65	0	-2.99843
-111.327	223.186	-8.00469	25.6975	9.85311	-11.8523	9.8	-11.75	-1.0003	-2.00061
9.74683	-11.8393	51.3666	-101.319	9.74928	-11.8442	9.75	-11.85	-1.00029	-2.00059
137.25	53.2586	11.4289	3.49064	9.69694	-11.9706	9.7	-12	-1.0004	-3.00119
9.65536	-12.1493	-39.0475	-12.9944	9.65354	-12.1497	9.65	-12.15	-1.00039	-3.00116
-121.928	256.266	-9.35035	29.4886	9.72311	-12.3964	9.6	-12.25	-0.999885	-1.99981
9.54622	-12.3428	54.7148	-113.19	9.54859	-12.3478	9.55	-12.35	-0.999884	-1.99979
150.669	56.4323	11.7937	4.99022	9.39039	-12.3902	9.45	-12.45	-1.99803	-1.99805
9.36238	-12.5495	-37.7512	-16.2024	9.36086	-12.5501	9.35	-12.55	-1.99804	-1.99804
-160.716	279.638	-13.3895	32.675	9.34456	-12.7106	9.3	-12.65	-0.909773	-1.81953
9.21874	-12.7564	67.4926	-121.77	9.22134	-12.7613	9.25	-12.75	-0.909773	-1.81954
96.5018	35.6303	6.69376	4.25625	9.15326	-13.0031	9.05	-12.85	-3.99257	-1.99629
8.84231	-12.9514	-20.2261	-12.7071	8.84161	-12.9519	8.85	-12.95	-3.99253	-1.99627
-155.875	170.061	-10.7133	21.0301	8.71632	-12.9613	8.75	-13	-1.8213	-0.910651
8.66179	-13.0402	57.6513	-79.1205	8.66358	-13.0431	8.65	-13.05	-1.8213	-0.910651
-18.8227	-33.0556	-1.96917	-0.614982	8.54518	-13.1702	8.5	-13.1	-2.997	-0.999005
8.35732	-13.1558	9.00038	4.19481	8.35763	-13.1557	8.35	-13.15	-2.997	-0.998995
29.7433	-72.2509	1.39202	0.416015	8.22926	-13.1698	8.2	-13.15	-2.72741	0
8.0364	-13.1516	-14.159	15.3859	8.03583	-13.1513	8.05	-13.15	-2.72742	0
8.09373	29.0615	1.71069	-0.372539	7.82914	-13.0525	7.9	-13.15	-2.72986	0
7.76517	-13.1642	4.11291	-17.0127	7.76538	-13.1647	7.75	-13.15	-2.72986	0
34.4904	-6.27388	-18.2973	-4.81965	7.66146	-13.3079	7.6	-13.2	-2.9979	-0.999304
7.44765	-13.2517	-0.07934	-0.589118	7.44786	-13.2517	7.45	-13.25	-2.9979	-0.999304
7.61174	-13.0408	0.89263	1.91515	7.21108	-13.0985	7.3	-13.25	-2.72846	0
7.16	-13.238	2.28488	-3.70722	7.16011	-13.2382	7.15	-13.25	-2.72844	0
5.81082	-13.6073	-1.41835	1.86699	6.88472	-12.9588	7	-13.2	-2.99784	0.999284
6.84883	-13.149	1.95375	-7.02114	6.84891	-13.1493	6.85	-13.15	-2.99784	0.999284
13.6775	-11.1199	0.749541	2.3054	6.77424	-13.2337	6.7	-13.1	-2.72787	0.909275
6.55773	-13.0676	-4.34268	-7.34234	6.55759	-13.0679	6.55	-13.05	-2.72787	0.909284
-149.801	38.5243	-8.1851	8.25988	6.40137	-13.0799	6.4	-13.05	-2.72678	0
6.26086	-13.0525	45.2578	-29.3941	6.26174	-13.0534	6.25	-13.05	-2.72678	0
-104.033	-178.95	-7.13524	-8.35478	6.10143	-13.0076	6.1	-13	-2.72966	0.909888
5.94119	-12.9504	36.1266	48.923	5.94198	-12.9494	5.95	-12.95	-2.72963	0.90988
682.041	-518.502	52.8828	-40.6584	5.79854	-12.8478	5.8	-12.85	-2.99777	1.99851
5.65586	-12.7398	-222.492	158.085	5.65107	-12.7365	5.65	-12.75	-2.99778	1.99852
838.615	1213.48	73.0365	99.7403	5.50547	-12.5721	5.55	-12.7	-1.81798	0.908995
5.44006	-12.6493	-80.8107	-131.104	5.43839	-12.652	5.45	-12.65	-1.81799	0.908995
-2295.12	1366.6	-184.855	118.93	5.27506	-12.4782	5.3	-12.55	-2.72627	1.81753
5.12103	-12.4621	498.876	-314.919	5.1307	-12.4684	5.15	-12.45	-2.72625	1.8175
3538.43	5557.9	276.767	442.946	5.04446	-12.3808	5.05	-12.35	-1.8199	1.81989
4.92833	-12.2521	81.3875	122.421	4.92985	-12.2499	4.95	-12.25	-1.81991	1.8199
2136.21	-1436.55	143.144	-95.0089	4.75061	-11.9803	4.85	-12.15	-1.99928	1.99929
4.76751	-12.0719	-480.106	309.964	4.75915	-12.0666	4.75	-12.05	-1.99928	1.99928
-5360.33	-8311.97	-402.648	-625.77	4.69113	-11.9084	4.7	-11.9	-0.908236	2.72471
4.64497	-11.7422	-66.2314	-112.739	4.64378	-11.7442	4.65	-11.75	-0.908231	2.7247
-2042.84	1158.3	-165.321	100.378	4.59746	-11.6205	4.6	-11.65	-0.909847	1.81971
4.54168	-11.5656	491.102	-293.082	4.54975	-11.5706	4.55	-11.55	-0.909843	1.81969
8049.95	13412	591.165	1001.04	4.47442	-11.3673	4.5	-11.35	-1.0008	4.0032
4.43904	-11.1517	93.9352	138.177	4.44059	-11.1496	4.45	-11.15	-1.0008	4.00321
2632	-1805.04	143.254	-96.0907	4.43713	-11.024	4.45	-11.05	0	1.81614
4.45876	-10.9348	-522.825	344.463	4.45136	-10.93	4.45	-10.95	0	1.81612
-4431.66	-6725.34	-313.061	-477.632	4.44745	-10.786	4.45	-10.8	0	2.72555
4.45889	-10.6441	-66.3894	-109.192	4.45788	-10.6457	4.45	-10.65	0	2.72554
-2034.31	1198.24	-155.817	98.387	4.46329	-10.5756	4.45	-10.5	0	2.729
4.43387	-10.3339	481.457	-298.88	4.44057	-10.3382	4.45	-10.35	0	2.72898
33193.6	53281.6	2313.83	3739.99	4.51895	-10.2367	4.5	-10.2	0.908962	2.72687
4.54801	-10.0457	91.8683	139.798	4.54925	-10.0439	4.55	-10.05	0.908954	2.72685
2669.5	-1767.51	166.502	-109.69	4.63224	-9.9707	4.6	-9.9	0.909756	2.72927
4.64418	-9.75376	-529.778	342.521	4.63755	-9.74952	4.65	-9.75	0.909752	2.72926
-6789.74	-10507.6	-459.45	-712.548	4.60757	-9.4335	4.7	-9.6	0.90859	2.72578
4.74676	-9.45949	-68.2062	-112.829	4.74589	-9.4609	4.75	-9.45	0.908586	2.72576
-2130.1	1252.06	-153.832	95.5137	4.89179	-9.39473	4.85	-9.3	1.81967	2.72952
4.94274	-9.13508	484.538	-295.759	4.94849	-9.13867	4.95	-9.15	1.81967	2.72951
-22536.7	-36851.3	-1494.35	-2451.32	4.95209	-8.96272	5	-9.05	0.999884	1.99977
5.04028	-8.95125	81.6745	130.361	5.04121	-8.94979	5.05	-8.95	0.999874	1.99974
2455.01	-1549.55	153.151	-95.6786	5.20806	-8.88942	5.15	-8.8	1.81805	2.72708
5.27439	-8.63898	-507.122	311.373	5.26887	-8.63564	5.25	-8.65	1.81803	2.72705
52439.3	85596	3417.6	5556.79	5.3785	-8.56768	5.35	-8.55	1.99956	1.99957
5.44926	-8.42616	-59.0573	-111.54	5.44864	-8.42738	5.45	-8.45	1.99954	1.99954
-2140.47	1100.52	-151.244	81.5647	5.56465	-8.44845	5.5	-8.35	0.909045	1.81807
5.53367	-8.24089	483.555	-256.498	5.53862	-8.24357	5.55	-8.25	0.909045	1.81808
-5274.89	-9942.11	-332.924	-627.956	5.64921	-8.02513	5.7	-8.1	2.72608	2.72608
5.85024	-7.95731	71.6831	133.575	5.85094	-7.95601	5.85	-7.95	2.72606	2.72606
2549.48	-1378.61	155.412	-82.3803	5.93492	-7.84119	5.95	-7.85	1.81801	1.81801
6.06479	-7.73811	-520.686	271.641	6.05986	-7.73559	6.05	-7.75	1.81802	1.81801
7188.27	13825.2	448.313	858.118	6.13741	-7.63243	6.15	-7.65	1.81798	1.81798
6.25704	-7.5423	-49.5265	-112.695	6.25659	-7.54336	6.25	-7.55	1.81798	1.81798
-2197.89	935.176	-148.26	65.8838	6.39143	-7.46358	6.35	-7.45	1.82027	1.82027
6.44769	-7.36227	486.803	-212.364	6.452	-7.36418	6.45	-7.35	1.82025	1.82025
-2599.97	-5970.18	-155.96	-360.357	6.47916	-7.09783	6.6	-7.25	2.99862	1.99908
6.75514	-7.14713	55.5853	134.656	6.7556	-7.14598	6.75	-7.15	2.99862	1.99908
2631.92	-1096.24	160.775	-65.6695	6.68682	-6.93297	6.8	-7.05	0.908005	1.816
6.86802	-6.94907	-537.43	215.494	6.86356	-6.94732	6.85	-6.95	0.908	1.81601
3313.59	8307.35	197.51	494.642	7.08741	-6.92602	7	-6.85	2.72856	1.81904
7.15722	-6.75035	-37.3022	-122.766	7.15695	-6.75136	7.15	-6.75	2.72854	1.81902
-2497.33	729.234	-161.036	49.57	7.29976	-6.68807	7.25	-6.65	1.8202	1.8202
7.35099	-6.55934	527.648	-158.834	7.35505	-6.56058	7.35	-6.55	1.82018	1.82018
-1971.98	-6567.03	-111.983	-379.389	7.53544	-6.5372	7.5	-6.5	2.99964	0.999884
7.65638	-6.46528	38.5252	148.771	7.65664	-6.46417	7.65	-6.45	2.99964	0.999884
3078.15	-806.471	185.344	-46.0643	7.67559	-6.34628	7.75	-6.4	1.81709	0.908549
7.85632	-6.35946	-601.102	145.691	7.85193	-6.35845	7.85	-6.35	1.81709	0.908545
2945.72	12234.3	168.135	697.501	8.03231	-6.28406	8	-6.25	2.72931	1.81954
8.13762	-6.14485	-21.9968	-140.058	8.13749	-6.14586	8.15	-6.15	2.72928	1.81952
-3022.05	444.971	-187.944	29.5705	8.21488	-6.01843	8.25	-6.05	1.99977	1.99976
8.33216	-5.94611	601.756	-91.5076	8.33626	-5.94674	8.35	-5.95	1.99977	1.99976
-1676.66	-11039	-90.638	-611.754	8.50318	-5.89335	8.5	-5.9	2.72796	0.909326
8.65885	-5.86418	18.8291	166.281	8.65894	-5.86309	8.65	-5.85	2.72796	0.909321
3660.91	-424.008	211.716	-22.3715	8.77185	-5.74314	8.75	-5.75	1.81776	1.81775
8.85874	-5.64312	-670.278	66.9101	8.85444	-5.64273	8.85	-5.65	1.81774	1.81773
2341.49	23724.9	128.87	1294.45	9.02394	-5.6024	8.95	-5.55	1.99657	1.99656
9.05089	-5.45287	-4.60062	-154.621	9.05088	-5.45385	9.05	-5.45	1.99654	1.99655
-3522.05	74.4477	-211.306	4.95361	9.04088	-5.29691	9.2	-5.4	2.72728	0.909094
9.33822	-5.32616	663.774	-12.7294	9.34223	-5.32623	9.35	-5.35	2.72727	0.90909
-359.942	-18620	-17.5816	-992.112	9.39579	-5.21659	9.45	-5.25	1.81816	1.81815
9.55304	-5.13299	0.332055	179.523	9.55303	-5.13194	9.55	-5.15	1.81813	1.81813
4178.72	-17.5292	225.031	1.40729	9.75019	-5.14652	9.65	-5.05	1.82036	1.82036
9.76267	-4.93126	-719.532	-8.34011	9.7586	-4.93134	9.75	-4.95	1.82036	1.82037
-523.847	41903.9	-25.2605	2190.57	9.9198	-4.86941	9.85	-4.85	1.81578	1.81577
9.95632	-4.74267	12.4966	-162.166	9.95641	-4.74358	9.95	-4.75	1.81575	1.81575
2041.69	157.343	62.1797	3.24332	10.0029	-4.54771	10.05	-4.6	1.82039	2.7306
10.1444	-4.45112	-333.068	-20.1225	10.1428	-4.45119	10.15	-4.45	1.8204	2.7306
-139.95	2085.85	-6.97857	104.45	10.1981	-4.26556	10.25	-4.3	1.81769	2.72652
10.3643	-4.16235	22.5274	-209.236	10.3644	-4.16342	10.35	-4.15	1.81768	2.7265
2779.34	299.578	129.933	12.049	10.5985	-4.12247	10.45	-4.05	1.81792	1.81792
10.5436	-3.94524	-422.35	-38.4122	10.5415	-3.9454	10.55	-3.95	1.8179	1.8179
-284.972	2974.19	-14.2602	145.702	10.7092	-3.85166	10.65	-3.85	1.81903	1.81904
10.7614	-3.74904	29.7046	-205.403	10.7616	-3.75002	10.75	-3.75	1.81902	1.81903
2808.25	406.874	123.266	16.9797	10.795	-3.60617	10.8	-3.6	0.909773	2.72931
10.8546	-3.46139	-423.942	-57.5742	10.8527	-3.46164	10.85	-3.45	0.909764	2.72928
-414.032	2941.8	-20.8076	143.099	10.9584	-3.30584	10.95	-3.3	1.99953	2.99928
11.0445	-3.15518	39.5401	-202.264	11.0447	-3.1561	11.05	-3.15	1.9995	2.99925
2832.92	554.647	120.874	22.81	11.1178	-2.98807	11.1	-3	0.907725	2.72317
11.1445	-2.86533	-425.396	-79.4806	11.1427	-2.86566	11.15	-2.85	0.907708	2.72314
-563.745	2939.29	-26.634	140.462	11.1491	-2.68183	11.2	-2.7	0.908929	2.72678
11.2523	-2.55225	46.6351	-201.094	11.2525	-2.55311	11.25	-2.55	0.908929	2.72678
2899.12	673.647	126.108	30.0432	11.1188	-2.36202	11.2	-2.4	-0.909276	2.72782
11.1612	-2.25556	-433.07	-101.575	11.1594	-2.25598	11.15	-2.25	-0.909276	2.72782
-720.093	3008.21	-34.9972	143.036	11.2029	-2.09837	11.25	-2.1	1.81915	2.72871
11.3522	-1.95706	58.4078	-197.291	11.3525	-1.95787	11.35	-1.95	1.81913	2.72869
2875.45	852.371	118.537	34.6576	11.3011	-1.79507	11.35	-1.8	0	2.73035
11.3343	-1.66994	-424.905	-123.26	11.3326	-1.67041	11.35	-1.65	0	2.73033
-867.375	2940.3	-38.5031	136.589	11.0622	-1.44342	11.3	-1.5	-0.999165	2.99748
11.2593	-1.35741	62.116	-199.434	11.2595	-1.35818	11.25	-1.35	-0.999155	2.99745
3021.7	942.767	133.448	42.0755	11.1658	-1.23674	11.2	-1.25	-0.909822	1.81964
11.1541	-1.15751	-445.075	-138.837	11.1524	-1.15803	11.15	-1.15	-0.909822	1.81964
-956.133	3020.41	-41.2343	139.372	10.8534	-0.929069	11.05	-0.95	-1.99817	3.99632
10.9582	-0.72804	59.6538	-189.188	10.9584	-0.728742	10.95	-0.75	-1.99816	3.99632
2997.66	947.43	133.859	42.6762	10.8608	-0.663121	10.9	-0.649999	-0.908549	1.8171
10.8664	-0.552524	-451.33	-142.301	10.8648	-0.553034	10.85	-0.549999	-0.908532	1.81708
-888.584	2776.04	-37.6755	125.641	10.8451	-0.437482	10.75	-0.45	-1.8174	1.81738
10.654	-0.34687	55.3854	-171.547	10.6542	-0.347474	10.65	-0.35	-1.8174	1.81738
2804.59	908.023	121.681	41.8885	10.5062	-0.245062	10.5	-0.25	-2.72796	1.81864
10.3453	-0.150472	-432.929	-146.126	10.3438	-0.150982	10.35	-0.15	-2.72796	1.81864
-851.29	2484.52	-36.2239	112.76	10.4884	-0.0812124	10.25	-0.0999996	-1.81964	0.909826
10.1535	-0.0476866	57.2415	-165.952	10.1537	-0.0482457	10.15	-0.0499992	-1.81963	0.909818
2757.82	953.8	117.925	42.8901	9.92588	0.00395802	10	9.49949e-07	-2.73049	0.910169
9.85814	0.0356757	-425.652	-152.115	9.85676	0.0351738	9.85	0.0500011	-2.73047	0.910161
-894.888	2471.13	-36.6074	110.218	9.63973	0.0585714	9.7	0.0500011	-2.72439	0
9.54651	0.0380445	59.0689	-171.323	9.54669	0.0374948	9.55	0.0500011	-2.72438	0
2923.12	1010.4	126.103	45.9054	9.32242	0.112393	9.4	0.100001	-2.72773	0.90923
9.24583	0.154076	-443.327	-158.845	9.24446	0.153574	9.25	0.15	-2.7277	0.909222
-920.274	2537.78	-37.1958	111.533	9.0614	0.20077	9.1	0.2	-2.72652	0.908843
8.94736	0.260779	56.8921	-165.956	8.94752	0.260272	8.95	0.25	-2.72653	0.908843
2907.36	999.131	124.164	44.0428	8.90199	0.247143	8.85	0.25	-1.81847	0
8.76146	0.264213	-442.415	-154.835	8.76016	0.263752	8.75	0.25	-1.81846	0
-858.029	2422.81	-32.7357	104.209	8.46355	0.258809	8.55	0.25	-3.6326	0
8.35354	0.25307	50.9962	-162.731	8.35367	0.252596	8.35	0.25	-3.6326	0
2951.54	927.78	126.395	41.9808	8.05161	0.241868	8.2	0.25	-2.72841	0
8.05537	0.2483	-449.164	-146.724	8.05411	0.247878	8.05	0.25	-2.72842	0
-773.86	2341.18	-29.9592	99.6631	7.78653	0.205765	7.9	0.2	-2.72708	-0.909025
7.74327	0.14446	47.8425	-155.835	7.74339	0.144028	7.75	0.15	-2.72705	-0.909016
2837.76	873.367	117.632	38.5749	7.77346	0.0969346	7.6	0.100001	-2.73169	-0.910554
7.45477	0.0455859	-431.352	-138.704	7.45362	0.0452052	7.45	0.0500011	-2.73169	-0.910554
-756.628	2326.85	-28.3142	97.8622	7.15329	0.0425189	7.3	0.0500011	-2.99789	0
7.16606	0.0292119	48.7258	-167.63	7.16618	0.0287673	7.15	0.0500011	-2.9979	0
3098.84	902.765	128.278	38.7518	7.17215	-0.0469302	7.05	-0.0499995	-1.81811	-1.81813
6.95543	-0.147402	-458.813	-136.793	6.95426	-0.147757	6.95	-0.15	-1.8181	-1.81811
-831.824	2762.92	-31.8043	112.636	6.83008	-0.250179	6.85	-0.25	-1.81646	-1.81646
6.76382	-0.344888	53.1373	-182.808	6.76395	-0.345347	6.75	-0.35	-1.81645	-1.81645
3289.68	957.618	131.315	39.4087	6.74798	-0.457727	6.65	-0.45	-1.81901	-1.819
6.54683	-0.565511	-467.148	-138.711	6.54569	-0.565853	6.55	-0.549999	-1.81899	-1.81898
-1058.52	3537.21	-41.5026	141.184	6.565	-0.754748	6.5	-0.749999	-0.909789	-3.63914
6.44923	-0.940304	70.2852	-228.385	6.4494	-0.940848	6.45	-0.949999	-0.909781	-3.63911
3852.4	1185.94	148.448	45.9483	6.44213	-1.11266	6.4	-1.1	-1.0002	-3.00061
6.34519	-1.26103	-492.016	-151.645	6.34405	-1.26138	6.35	-1.25	-1.0002	-3.00061
-1524.54	4917.07	-58.984	192.405	6.39474	-1.36501	6.3	-1.35	-1.00035	-2.00072
6.25335	-1.42864	92.7194	-292.13	6.25356	-1.42931	6.25	-1.45	-1.00036	-2.00072
4765.14	1512.12	181.927	56.5199	6.24787	-1.61119	6.25	-1.6	0	-2.99288
6.23663	-1.753	-520.852	-161.238	6.23547	-1.75335	6.25	-1.75	0	-2.99285
-1983.47	6374.8	-76.935	243.183	6.41111	-1.93027	6.3	-1.9	0.909739	-2.72921
6.34847	-2.05297	115.15	-344.113	6.34873	-2.05372	6.35	-2.05	0.909735	-2.72921
5381.6	1799.52	196.157	64.3214	6.53066	-2.26346	6.35	-2.2	0	-2.72782
6.37024	-2.3386	-507.305	-165.456	6.36917	-2.33894	6.35	-2.35	0	-2.72779
-2362.99	7210.53	-89.7438	271.047	6.27034	-2.51837	6.35	-2.55	0	-3.63689
6.34257	-2.73306	141.471	-410.229	6.34287	-2.73391	6.35	-2.75	0	-3.63689
6138.38	2114.75	223.774	74.5653	6.45883	-2.92313	6.4	-2.9	0.908854	-2.72658
6.43963	-3.06226	-478.778	-157.093	6.43866	-3.06257	6.45	-3.05	0.908859	-2.72658
-2425.01	7351.63	-90.4265	268.979	6.49154	-3.20004	6.5	-3.2	0.908863	-2.72658
6.53546	-3.34119	162.509	-463.864	6.53579	-3.34211	6.55	-3.35	0.908855	-2.72655
6856.62	2399.3	245.591	83.4663	6.70146	-3.53446	6.6	-3.5	0.908714	-2.72613
6.64745	-3.63917	-454.437	-151.332	6.64657	-3.63945	6.65	-3.65	0.908702	-2.72611
-2475.34	7390.26	-90.9289	265.743	6.70956	-3.81739	6.7	-3.8	0.909565	-2.72871
6.7485	-3.96272	179.72	-505.947	6.74885	-3.96368	6.75	-3.95	0.909561	-2.72869
7289.75	2586.06	258.052	89.0184	6.73758	-4.06653	6.8	-4.1	0.908566	-2.72568
6.85875	-4.25439	-424.474	-142.786	6.85796	-4.25464	6.85	-4.25	0.908561	-2.72569
-2418.69	7142.91	-87.9407	251.952	7.10395	-4.49091	6.95	-4.4	1.81821	-2.72732
7.04642	-4.55619	193.956	-535.859	7.04679	-4.55716	7.05	-4.55	1.81822	-2.72732
7554.33	2730.21	263.173	92.3324	7.02393	-4.64459	7.1	-4.7	0.91085	-2.73253
7.13506	-4.85479	-401.52	-136.538	7.13435	-4.85502	7.15	-4.85	0.910837	-2.73251
-2392.89	6985.99	-84.5681	242.045	7.24619	-4.97656	7.2	-4.95	1.00033	-2.00068
7.25281	-5.04507	201.566	-560.312	7.25317	-5.04605	7.25	-5.05	1.00033	-2.00066
7800.34	2801.45	271.662	93.7742	7.22054	-5.09604	7.35	-5.2	1.9976	-2.9964
7.43671	-5.34804	-387.228	-127.451	7.43604	-5.34825	7.45	-5.35	1.9976	-2.9964
-2272.32	6848.43	-77.6489	230.144	7.40989	-5.38617	7.5	-5.45	0.908252	-1.8165
7.55628	-5.56618	198.638	-572.905	7.55662	-5.56714	7.55	-5.55	0.908244	-1.81648
7893.57	2731.9	271.994	90.85	7.39379	-5.52612	7.65	-5.7	1.81785	-2.72677
7.76522	-5.84231	-382.6	-122.333	7.76459	-5.8425	7.75	-5.85	1.81785	-2.72677
-2227.31	6904.62	-75.4948	230.562	7.84699	-6.00602	7.8	-5.95	0.909078	-1.81815
7.85888	-6.04408	197.459	-586.601	7.85921	-6.04502	7.85	-6.05	0.909073	-1.81815
8094.64	2719.15	275.534	89.3047	7.89511	-6.1416	7.95	-6.2	1.8197	-2.72955
8.0568	-6.36023	-381.748	-118.161	8.05619	-6.36041	8.05	-6.35	1.81969	-2.72953
-2190.67	7010.06	-74.3934	230.4	8.2234	-6.53735	8.15	-6.5	1.8187	-2.72807
8.25414	-6.64759	198.803	-597.048	8.25446	-6.64851	8.25	-6.65	1.81869	-2.72804
8147.54	2706.6	270.9	87.873	8.32206	-6.77114	8.3	-6.75	0.908979	-1.81795
8.31785	-6.83973	-376.099	-118.187	8.31728	-6.8399	8.35	-6.85	0.908979	-1.81795
-2262.58	7129.91	-76.4333	235.351	8.2713	-6.91098	8.4	-7	0.909094	-2.72732
8.44151	-7.1528	205.783	-615.918	8.44183	-7.15372	8.45	-7.15	0.909102	-2.72732
8293.72	2764.04	273.932	87.9491	8.54154	-7.25975	8.55	-7.3	1.81751	-2.72628
8.65953	-7.46975	-365.44	-111.373	8.65899	-7.4699	8.65	-7.45	1.81752	-2.72628
-2168.13	7036.18	-70.3936	224.719	8.83598	-7.68162	8.7	-7.55	0.908615	-1.81723
8.7674	-7.64005	200.581	-622.706	8.76769	-7.64094	8.75	-7.65	0.908607	-1.81721
8332.97	2676.83	272.752	84.287	8.77916	-7.72457	8.85	-7.8	1.8215	-2.73224
8.95721	-7.95141	-366.164	-107.24	8.95669	-7.95155	8.95	-7.95	1.82148	-2.73221
-2124.74	7169.82	-69.0353	226.101	9.1081	-8.22433	9	-8.1	0.999025	-2.99707
9.05448	-8.24124	199.102	-633.142	9.05476	-8.24211	9.05	-8.25	0.999015	-2.99704
8382.3	2627.9	269.036	82.5227	9.13825	-8.4037	9.1	-8.35	0.908285	-1.81657
9.14074	-8.44967	-361.191	-107.291	9.14025	-8.44981	9.15	-8.45	0.908268	-1.81655
-2174.38	7232.25	-70.9932	230.518	9.22081	-8.59155	9.2	-8.6	0.91012	-2.73036
9.25003	-8.75985	204.642	-645.776	9.25031	-8.76071	9.25	-8.75	0.910112	-2.73033
8337.51	2633.38	265.087	81.028	9.30208	-8.90831	9.3	-8.9	0.909524	-2.72856
9.34477	-9.04574	-349.968	-101.955	9.34431	-9.04587	9.35	-9.05	0.909524	-2.72856
-2114.84	7165.19	-67.467	222.283	9.39993	-9.18842	9.4	-9.2	0.999066	-2.99725
9.44493	-9.37112	203.674	-652.728	9.4452	-9.37195	9.45	-9.35	0.999075	-2.99724
8239.42	2561.61	258.663	77.7555	9.48751	-9.46421	9.5	-9.5	0.909706	-2.7291
9.55141	-9.64777	-343.538	-98.32	9.55098	-9.64789	9.55	-9.65	0.909706	-2.7291
-2083.86	7180.56	-65.6098	220.263	9.57122	-9.75525	9.6	-9.8	1.00048	-3.00143
9.62382	-9.94067	202.509	-661.442	9.62408	-9.94149	9.65	-9.95	1.00046	-3.00141
8199.34	2500.42	254.782	75.3809	9.61433	-9.96417	9.7	-10.05	0.998785	-1.99755
9.74611	-10.1501	-337.425	-95.4358	9.7457	-10.1502	9.75	-10.15	0.998775	-1.99754
-2063.13	7188.02	-63.6143	219.375	9.77731	-10.3295	9.75	-10.3	0	-2.72851
9.76533	-10.4493	199.679	-669.6	9.76557	-10.4501	9.75	-10.45	0	-2.72849
8100.59	2404.87	250.187	71.6334	9.89592	-10.7137	9.8	-10.6	0.909012	-2.72704
9.85105	-10.7536	-330.796	-89.6748	9.85066	-10.7537	9.85	-10.75	0.909012	-2.72703
-1978.55	7183.13	-60.1465	215.268	9.84397	-10.9287	9.85	-10.9	0	-3.00318
9.8567	-11.0504	194.12	-675.34	9.85693	-11.0512	9.85	-11.05	0	-3.00316
7991.11	2285.97	243.757	67.4281	9.74773	-11.0482	9.85	-11.2	0	-3.00013
9.84444	-11.3564	-325.9	-85.7905	9.84407	-11.3565	9.85	-11.35	0	-3.00012
-1938.79	7241.68	-59.0401	215.93	9.79495	-11.4686	9.85	-11.5	0	-2.99592
9.83921	-11.6459	192.715	-685.382	9.83943	-11.6467	9.85	-11.65	0	-2.99592
7830.4	2189.97	235.157	64.9628	9.76634	-11.6976	9.8	-11.75	-0.908731	-1.81746
9.74808	-11.851	-313.627	-84.6987	9.74774	-11.8511	9.75	-11.85	-0.908731	-1.81746
-1978.32	7199.38	-59.9897	217.48	9.7856	-12.1262	9.7	-12	-0.909591	-2.72875
9.6446	-12.1447	197.348	-695.791	9.64482	-12.1455	9.65	-12.15	-0.909582	-2.72873
7352.82	2072.8	219.596	60.461	9.57233	-12.2948	9.6	-12.3	-0.908879	-2.72667
9.55198	-12.4582	-289.168	-76.5463	9.55167	-12.4583	9.55	-12.45	-0.908879	-2.72665
-1839.58	6817.3	-53.5097	201.411	9.37132	-12.4833	9.45	-12.55	-1.82006	-1.82006
9.3588	-12.6492	186.828	-682.54	9.359	-12.6499	9.35	-12.65	-1.82005	-1.82005
6565.74	1783.99	194.772	53.3131	9.16109	-12.6848	9.2	-12.75	-3.00047	-2.00033
9.02828	-12.8336	-270.72	-74.0867	9.028	-12.8337	9.05	-12.85	-3.00048	-2.00033
-1854.08	6643.79	-54.2111	200.299	8.85918	-12.7953	8.95	-12.9	-1.81543	-0.907707
8.84238	-12.9677	190.728	-684.037	8.84257	-12.9684	8.85	-12.95	-1.81542	-0.907708
5812.62	1606.81	171.383	47.6364	8.66865	-13.0114	8.7	-13.05	-2.73134	-1.82089
8.55343	-13.1444	-240.53	-66.6071	8.55319	-13.1445	8.55	-13.15	-2.73135	-1.82089
-1727.96	6108.16	-48.3246	182.331	8.27267	-12.996	8.4	-13.15	-2.99683	0
8.25948	-13.1482	179.483	-653.103	8.25965	-13.1488	8.25	-13.15	-2.9968	0
4802.02	1305.53	141.6	39.3052	8.04571	-13.0646	8.1	-13.2	-2.72707	-0.909028
7.95862	-13.2507	-217.566	-60.9657	7.95841	-13.2508	7.95	-13.25	-2.72705	-0.90902
-1639.57	5718.64	-45.9267	170.192	7.86599	-13.4154	7.8	-13.25	-2.7295	0
7.62473	-13.2484	174.955	-625.603	7.62489	-13.249	7.65	-13.25	-2.7295	0
3828.48	1056.04	111.295	32.4226	7.50783	-13.2944	7.5	-13.25	-2.99994	0
7.34207	-13.2473	-186.236	-55.9301	7.3419	-13.2474	7.35	-13.25	-2.99994	0
-1566.95	5093.62	-43.12	152.401	7.19781	-13.1973	7.2	-13.2	-2.72698	0.908995
7.0492	-13.1601	169.208	-574.532	7.04935	-13.1606	7.05	-13.15	-2.72695	0.908987
2709.18	783.322	78.7017	24.9659	6.79473	-13.0433	6.85	-13.15	-3.63709	0
6.65136	-13.1604	-148.509	-49.0942	6.65123	-13.1604	6.65	-13.15	-3.63709	0
-1451.48	4276.26	-39.4091	127.846	6.54114	-13.2079	6.5	-13.1	-3.0006	1.00018
6.35303	-13.0392	159.816	-496.311	6.35317	-13.0396	6.35	-13.05	-3.0006	1.00019
1544.95	482.555	45.3037	15.3739	6.27012	-13.1139	6.25	-13.05	-1.81729	0
6.14468	-13.0471	-100.74	-34.7634	6.14459	-13.0471	6.15	-13.05	-1.81729	0
-1070.27	2992.54	-27.1771	88.1271	5.99498	-12.9442	6	-12.95	-2.72861	1.81906
5.86369	-12.8405	117.534	-356.949	5.86379	-12.8408	5.85	-12.85	-2.72861	1.81907
784.644	243.71	23.3084	9.91491	5.73761	-12.8672	5.7	-12.8	-2.99988	0.999964
5.55124	-12.7486	-65.8424	-28.355	5.55118	-12.7486	5.55	-12.75	-2.99985	0.999954
-946.538	2107.13	-24.5011	62.4808	5.45236	-12.7392	5.45	-12.7	-2.00001	1
5.35548	-12.6421	105.639	-253.422	5.35556	-12.6423	5.35	-12.65	-1.99998	0.999994
14.3286	-8.77044	0.758521	3.05229	5.26451	-12.5511	5.25	-12.55	-1.99732	1.99733
5.13769	-12.4355	1.03531	-7.74136	5.13769	-12.4355	5.15	-12.45	-1.9973	1.9973
42.223	-7.23789	18.4708	5.28169	5.1317	-12.5744	5.05	-12.35	-1.8206	1.82059
4.94432	-12.2438	1.9332	-6.86395	4.94432	-12.2438	4.95	-12.25	-1.82058	1.82058
18.8761	-8.15439	0.973095	3.94197	4.89215	-12.1623	4.85	-12.1	-1.9998	2.99969
4.75046	-11.9578	6.46856	-9.02682	4.75047	-11.9578	4.75	-11.95	-1.9998	2.9997
-39.2314	-42.7954	-4.91271	-0.638943	4.6421	-11.7788	4.7	-11.85	-1.00002	2.00003
4.63963	-11.7513	33.1693	14.8541	4.63967	-11.7513	4.65	-11.75	-1.00001	2.00002
487.743	-1107.98	11.0973	-31.8008	4.58347	-11.632	4.6	-11.6	-0.998955	2.99688
4.56623	-11.4577	-51.3059	131.28	4.56619	-11.4576	4.55	-11.45	-0.99896	2.99689
-22.6992	4.08433	-0.373406	-3.58632	4.46846	-11.2092	4.5	-11.3	-1.00106	3.00319
4.46017	-11.1425	1.08426	5.81376	4.46017	-11.1425	4.45	-11.15	-1.00106	3.00319
282.888	-57.1014	-9.30388	1.22493	4.43672	-11.0976	4.45	-11.05	0	1.8168
4.43803	-10.9525	-14.9199	2.62793	4.43803	-10.9525	4.45	-10.95	0	1.81679
34.8137	324.306	4.5284	8.64896	4.40556	-10.7068	4.45	-10.8	0	3.00139
4.45508	-10.6618	-11.8656	-37.2554	4.45507	-10.6618	4.45	-10.65	0	3.00138
-1963.58	594.168	-49.3604	17.8487	4.44716	-10.5583	4.45	-10.55	0	2.00041
4.45171	-10.4416	218.028	-74.5717	4.45187	-10.4417	4.45	-10.45	0	2.00038
-1349.31	-3957.31	-37.2141	-102.467	4.45602	-10.2142	4.5	-10.3	0.999584	2.99875
4.55339	-10.1346	141.159	394.918	4.55349	-10.1343	4.55	-10.15	0.999574	2.99871
21766.5	-7789.56	574.665	-207.577	4.56608	-10.005	4.55	-10	0	2.72717
4.56043	-9.84168	-1705.4	613.266	4.55922	-9.84124	4.55	-9.85	0	2.72714
-22209.9	-61769	-585.372	-1631.65	4.62339	-9.6559	4.65	-9.7	1.8193	2.72895
4.74402	-9.5349	-164.893	-454.782	4.7439	-9.53522	4.75	-9.55	1.81929	2.72894
-25531.2	9224.67	-666.163	244.098	4.74852	-9.27389	4.8	-9.4	1.00006	3.00019
4.84336	-9.24049	1789.79	-655.032	4.8446	-9.24095	4.85	-9.25	1.00005	3.00015
17719.8	48361.1	463.883	1269.61	4.98605	-9.20516	4.95	-9.15	2.00004	2.00005
5.02272	-9.03094	154.605	419.073	5.02283	-9.03066	5.05	-9.05	2.00004	2.00004
22751.2	-8403.17	584.736	-217.116	5.12819	-8.95913	5.1	-8.9	0.999704	2.99911
5.14223	-8.73115	-1694.49	626.93	5.14109	-8.73073	5.15	-8.75	0.999689	2.99907
-23049.7	-62300.8	-597.015	-1614.06	5.33883	-8.81618	5.25	-8.65	1.81848	1.81849
5.36418	-8.56778	-147.291	-404.54	5.36408	-8.56805	5.35	-8.55	1.81846	1.81846
-21459.3	7782.34	-563.277	206.772	5.38848	-8.31037	5.45	-8.4	2.00068	3.00103
5.53766	-8.25156	1640.16	-600.661	5.53874	-8.25196	5.55	-8.25	2.00066	3.00099
28857.6	78732.9	741.01	2024.47	5.56632	-8.04704	5.65	-8.15	1.99952	1.99953
5.74581	-8.05221	142.316	388.417	5.7459	-8.05196	5.75	-8.05	1.9995	1.9995
20095.7	-7372.84	511.76	-187.885	5.78426	-7.91676	5.8	-7.95	0.999944	1.99989
5.85078	-7.8818	-1567.91	573.521	5.84978	-7.88144	5.85	-7.85	0.999939	1.99988
-47223.4	-129130	-1201.77	-3285.03	5.92249	-7.69769	5.95	-7.75	1.99772	1.99772
6.04039	-7.64709	-131.978	-368.013	6.04031	-7.64732	6.05	-7.65	1.99771	1.9977
-18624.8	6649.18	-480.946	172.896	6.16773	-7.55437	6.15	-7.55	1.8199	1.8199
6.23773	-7.45273	1500.49	-537.725	6.23866	-7.45306	6.25	-7.45	1.8199	1.81991
193533	539781	4877.21	13611.8	6.25322	-7.17734	6.4	-7.35	2.99605	1.99736
6.55454	-7.24929	123.384	351.437	6.55461	-7.24907	6.55	-7.25	2.99605	1.99736
17339.4	-6097	441.42	-153.734	6.67172	-7.23041	6.65	-7.2	1.8206	0.910303
6.7475	-7.15646	-1427.3	495.449	6.74664	-7.15616	6.75	-7.15	1.8206	0.910298
57394.6	165443	1435.97	4135.68	6.79888	-6.99594	6.85	-7.05	1.99848	1.99848
6.95349	-6.96072	-111.63	-332.303	6.95342	-6.96092	6.95	-6.95	1.99846	1.99846
-16104.8	5379.89	-411.014	137.428	7.17955	-6.9446	7.1	-6.85	2.72688	1.81792
7.24849	-6.72583	1359.05	-452.848	7.24929	-6.7261	7.25	-6.75	2.72688	1.81792
-21884.3	-65681.7	-541.377	-1625.81	7.42782	-6.72337	7.35	-6.65	1.81821	1.81821
7.46326	-6.5486	103.483	312.794	7.46332	-6.54842	7.45	-6.55	1.81821	1.81821
14791.5	-4902.77	365.114	-119.506	7.54452	-6.5069	7.55	-6.5	1.81726	0.908632
7.65445	-6.46504	-1268.91	414.162	7.65373	-6.46481	7.65	-6.45	1.81726	0.908632
11181.1	34303.5	273.797	843.745	7.8635	-6.45394	7.8	-6.4	2.72951	0.909839
7.94167	-6.34449	-87.9135	-295.664	7.94162	-6.34466	7.95	-6.35	2.72948	0.909826
-13875.5	4095.61	-355.309	105.447	7.89525	-6.11857	8.05	-6.25	2.00047	2.00048
8.12287	-6.14369	1220.47	-360.546	8.12355	-6.14389	8.15	-6.15	2.00048	2.00048
-7423.34	-25153.6	-179.352	-611.388	8.31423	-6.05705	8.3	-6.05	2.72702	1.81801
8.45311	-5.97174	80.9024	286.37	8.45315	-5.97158	8.45	-5.95	2.727	1.818
13218	-3743.34	325.858	-90.6196	8.53167	-5.90349	8.55	-5.9	2.00127	1.00064
8.6427	-5.83409	-1164.32	322.895	8.64207	-5.83392	8.65	-5.85	2.00128	1.00064
5074.32	18345.5	121.781	444.984	8.88764	-5.82241	8.8	-5.75	2.99963	1.99976
8.94259	-5.6452	-65.3998	-266.92	8.94256	-5.64534	8.95	-5.65	2.99961	1.99974
-12248.7	2970.07	-307.817	74.9128	9.21669	-5.64514	9.05	-5.55	1.99699	1.997
9.15284	-5.45239	1101.96	-266.556	9.15342	-5.45253	9.15	-5.45	1.997	1.99701
-3411.2	-14139.9	-80.9444	-338.191	9.16723	-5.29709	9.25	-5.35	1.8166	1.81659
9.34849	-5.23632	60.1741	259.276	9.34852	-5.23619	9.35	-5.25	1.8166	1.81659
11706	-2725.75	281.312	-64.1287	9.39027	-5.1041	9.45	-5.15	1.8222	1.82219
9.54261	-5.0474	-1048.33	238.179	9.54207	-5.04728	9.55	-5.05	1.82219	1.82219
2479.14	10966.2	58.1009	262.16	9.62802	-5.02338	9.65	-5	1.99604	0.998028
9.75002	-4.94276	-46.3076	-239.454	9.75	-4.94288	9.75	-4.95	1.99605	0.998028
-10862.9	2069.46	-266.667	51.2055	9.88102	-4.86216	9.85	-4.85	1.81895	1.81894
9.94452	-4.76238	990.456	-188.484	9.94502	-4.76247	9.95	-4.75	1.81894	1.81894
-1712.61	-9053.12	-39.8651	-212.71	10.0747	-4.62454	10.05	-4.6	1.81966	2.72951
10.1384	-4.45342	42.615	233.593	10.1384	-4.4533	10.15	-4.45	1.81965	2.72948
10393	-1904.79	244.243	-43.325	10.1743	-4.32841	10.25	-4.35	1.81908	1.81907
10.3497	-4.25964	-939.965	166.192	10.3492	-4.25956	10.35	-4.25	1.81908	1.81907
1164.64	6656.23	26.9422	157.221	10.56	-4.15868	10.45	-4.1	2.00061	3.0009
10.5557	-3.96024	-28.4114	-196.387	10.5557	-3.96034	10.55	-3.95	2.0006	3.0009
-8692.93	1226.02	-208.693	29.1657	10.7738	-3.89129	10.65	-3.85	1.99963	1.99964
10.739	-3.74816	808.548	-111.807	10.7394	-3.74821	10.75	-3.75	1.99962	1.99962
-642.671	-4726.52	-15.2788	-109.939	10.7674	-3.58281	10.8	-3.6	0.999844	2.99952
10.8596	-3.43489	25.7565	184.58	10.8596	-3.4348	10.85	-3.45	0.999834	2.99949
7990.11	-1123.19	182.734	-23.7677	10.9601	-3.36033	10.95	-3.35	2.00065	2.00064
11.0507	-3.25132	-737.6	96.2049	11.0504	-3.25128	11.05	-3.25	2.00064	2.00064
401.345	3167.99	9.7366	75.0927	11.0282	-3.07488	11.1	-3.1	0.998546	2.99563
11.1569	-2.94393	-14.7593	-142.973	11.1569	-2.944	11.15	-2.95	0.998526	2.9956
-6178.66	606.481	-143.988	15.884	11.1386	-2.78926	11.15	-2.8	0	2.73104
11.1407	-2.65081	583.077	-61.0914	11.141	-2.65084	11.15	-2.65	0	2.73102
-198.299	-2000	-5.06117	-44.4308	11.1042	-2.54354	11.15	-2.55	0	1.81785
11.1497	-2.45909	13.3805	116.08	11.1497	-2.45904	11.15	-2.45	0	1.81785
4850.5	-566.621	108.255	-10.8867	11.1658	-2.25651	11.25	-2.25	1.99733	3.99465
11.3593	-2.05186	-455.736	46.3926	11.3591	-2.05184	11.35	-2.05	1.99733	3.99465
71.5511	816.775	2.3045	20.5861	11.3117	-1.92025	11.35	-1.95	0	1.81854
11.3504	-1.86627	-2.92744	-58.3615	11.3504	-1.8663	11.35	-1.85	0	1.81853
-2492.51	94.2646	-57.3634	3.3746	11.4185	-1.70062	11.35	-1.7	0	2.72762
11.3567	-1.53204	238.686	-11.2908	11.3568	-1.53205	11.35	-1.55	0	2.72762
-10.7992	-466.636	-1.73274	-9.97009	11.2541	-1.38373	11.3	-1.4	-0.908846	2.72653
11.2429	-1.2424	5.66809	39.9712	11.2429	-1.24238	11.25	-1.25	-0.908846	2.72653
1554.96	-226.592	32.1721	-6.12528	11.0754	-1.08747	11.15	-1.1	-1.82014	2.73021
11.0545	-0.92708	-143.17	23.8809	11.0544	-0.927069	11.05	-0.949999	-1.82013	2.73021
-68.3588	-342.736	0.0652947	-8.41375	10.9247	-0.791254	11	-0.799999	-1.00036	3.00107
10.9434	-0.640473	4.39932	32.1751	10.9434	-0.640459	10.95	-0.65	-1.00035	3.00104
1220.91	-172.301	26.3235	-5.61654	10.7146	-0.485949	10.85	-0.5	-2.00003	3.00006
10.7471	-0.362538	-112.91	20.4608	10.7471	-0.362528	10.75	-0.35	-2.00002	3.00003
-91.0737	-441.277	-0.15272	-10.9899	10.6895	-0.304531	10.65	-0.3	-1.81779	0.908892
10.547	-0.266694	5.4002	41.9858	10.547	-0.266677	10.55	-0.25	-1.81778	0.908893
1585.73	-208.697	34.2479	-7.10297	10.5032	-0.154501	10.4	-0.15	-3.00061	2.00041
10.2486	-0.0475645	-145.74	25.8444	10.2485	-0.0475524	10.25	-0.0499992	-3.0006	2.00041
-124.734	-643.624	-0.885734	-15.8982	10.1407	-0.0721585	10.15	-0.0499992	-1.99645	0
10.0313	-0.0518852	7.92558	59.8508	10.0313	-0.0518611	10.05	-0.0499992	-1.99644	0
2255.62	-302.917	48.7172	-8.86624	10.0898	-0.00166396	9.9	9.49949e-07	-2.73175	0.910584
9.74703	0.0464808	-206.107	33.5943	9.74695	0.0464954	9.75	0.0500011	-2.73174	0.910584
-162.295	-934.896	-0.540305	-22.065	9.50401	0.0833188	9.6	0.100001	-2.99544	0.998471
9.45825	0.149423	7.26316	83.0452	9.45825	0.149456	9.45	0.15	-2.99545	0.998471
3220.21	-286.211	70.0586	-7.77818	9.22819	0.16178	9.35	0.15	-1.81963	0
9.24467	0.139805	-291.882	29.601	9.24456	0.139817	9.25	0.15	-1.81962	0
-108.877	-982.306	0.715871	-22.1834	9.0729	0.205961	9.1	0.2	-3.00059	1.0002
8.96281	0.250906	1.99635	80.6053	8.96281	0.250937	8.95	0.25	-3.0006	1.0002
3258.68	-85.4342	70.4875	-4.42939	8.84168	0.257617	8.8	0.25	-2.99995	0
8.65617	0.245353	-293.521	14.4281	8.65606	0.24536	8.65	0.25	-2.99994	0
-39.4107	-628.8	2.07673	-15.1636	8.43549	0.247188	8.5	0.25	-2.99323	0
8.34184	0.250749	-3.40638	51.9816	8.34184	0.250769	8.35	0.25	-2.9932	0
-2155.18	-120.049	-43.4223	-5.66263	8.27073	0.243988	8.2	0.25	-2.73233	0
8.0384	0.260722	191.348	19.3518	8.03847	0.260731	8.05	0.25	-2.73234	0
47.4267	-390.031	-1.78854	-10.6052	7.98053	0.204587	7.9	0.2	-3.00234	-1.00078
7.73327	0.149185	4.91292	35.8817	7.73327	0.149199	7.75	0.15	-3.00231	-1.00077
1369.7	-190.869	23.8619	-6.19997	7.46173	0.143776	7.6	0.15	-2.99599	0
7.45459	0.149284	-114.36	23.863	7.45455	0.149294	7.45	0.15	-2.99596	0
-149.855	-680.232	-1.62901	-16.5405	7.37986	0.0951006	7.35	0.100001	-1.81801	-0.908998
7.26713	0.0550136	9.67761	62.1289	7.26713	0.055036	7.25	0.0500011	-1.81801	-0.908998
2409.2	-378.166	50.1961	-10.4712	7.32548	-0.0461763	7.1	-0.0499995	-2.72495	-1.81664
6.93134	-0.133349	-211.871	40.2857	6.93127	-0.133333	6.95	-0.15	-2.72492	-1.81662
-175.435	-883.688	-2.98309	-20.2755	7.09668	-0.264116	6.9	-0.25	-0.910634	-1.82126
6.84796	-0.342866	13.728	75.103	6.84796	-0.34284	6.85	-0.35	-0.910622	-1.82124
3010.58	-553.596	61.6533	-14.1932	6.64638	-0.45061	6.7	-0.45	-2.99641	-1.99759
6.54781	-0.53674	-261.815	56.0082	6.54772	-0.536719	6.55	-0.549999	-2.99637	-1.99757
-164.993	-739.581	-2.95631	-17.394	6.50462	-0.718	6.5	-0.7	-0.909955	-2.72986
6.45451	-0.851716	12.6289	60.7427	6.45451	-0.851695	6.45	-0.85	-0.909955	-2.72986
2555.93	-534.826	52.2875	-11.1375	6.42547	-0.999512	6.4	-1	-0.999224	-2.99766
6.35547	-1.16242	-222.356	46.3623	6.3554	-1.1624	6.35	-1.15	-0.99921	-2.99763
-6.67446	-1.26195	0.514453	0.0331102	6.14523	-1.27904	6.3	-1.3	-0.908722	-2.72618
6.2299	-1.45381	0.330288	-0.0203071	6.2299	-1.45381	6.25	-1.45	-0.908718	-2.72616
6.27911	-2.66012	1.86381	2.64347	6.37158	-1.60661	6.3	-1.6	0.910485	-2.73144
6.34473	-1.75136	-4.50673	0.416256	6.34473	-1.75136	6.35	-1.75	0.910481	-2.73144
-4.53738	25.4175	-0.65604	2.73763	6.34	-1.88987	6.35	-1.9	0	-2.99515
6.35828	-2.03886	4.70432	2.21829	6.35828	-2.03886	6.35	-2.05	0	-2.99515
51.1938	-100.517	4.58024	-7.81657	6.45002	-2.23466	6.35	-2.2	0	-2.72856
6.34053	-2.34066	77.2347	-186.341	6.34057	-2.34076	6.35	-2.35	0	-2.72854
4270.4	1766.79	84.7929	32.9868	6.4979	-2.56206	6.4	-2.5	0.908227	-2.7247
6.45276	-2.65052	-348.418	-137.742	6.45265	-2.65056	6.45	-2.65	0.908223	-2.72467
-3200.02	8064.5	-64.1354	159.971	6.46538	-2.81029	6.45	-2.8	0	-2.72732
6.45755	-2.93985	232.534	-576.52	6.45762	-2.94003	6.45	-2.95	0	-2.7273
13410.8	5405.81	267.363	105.234	6.36717	-3.08903	6.5	-3.15	0.909078	-3.6363
6.54371	-3.33897	-731.915	-287.31	6.54349	-3.33906	6.55	-3.35	0.90907	-3.63626
-8430.08	21439.4	-168.109	422.677	6.6454	-3.53435	6.6	-3.5	0.910038	-2.7301
6.65597	-3.67037	372.072	-925.838	6.65608	-3.67065	6.65	-3.65	0.910033	-2.7301
23904.2	9602.88	469.339	186.251	6.70981	-3.81998	6.7	-3.8	0.908095	-2.7243
6.74444	-3.95892	-743.9	-291.809	6.74422	-3.95901	6.75	-3.95	0.908091	-2.72428
-9200.74	23415.2	-181.014	456.227	6.72525	-4.05329	6.8	-4.1	0.910949	-2.73284
6.83805	-4.2542	398.041	-993.583	6.83817	-4.25449	6.85	-4.25	0.910945	-2.73284
25292.8	10128.4	493.4	195.67	6.86491	-4.32753	6.9	-4.35	0.999834	-1.99968
6.94899	-4.45379	-698.582	-273.853	6.94879	-4.45387	6.95	-4.45	0.999829	-1.99966
-8824.3	22467.1	-173.609	434.626	6.99339	-4.57763	7.05	-4.6	1.99653	-2.99479
7.14327	-4.76593	412.578	-1022.05	7.14339	-4.76622	7.15	-4.75	1.99653	-2.99479
25347.5	10227.4	489.439	195.174	7.11889	-4.79341	7.2	-4.85	1.00098	-2.00196
7.25902	-4.94712	-666.987	-262.03	7.25883	-4.94719	7.25	-4.95	1.00097	-2.00194
-8647.52	21965.3	-167.589	420.524	7.28536	-5.09276	7.3	-5.1	0.90969	-2.72906
7.33913	-5.24879	420.96	-1047.43	7.33925	-5.24908	7.35	-5.25	0.909677	-2.72904
25070	10070.1	482.875	190.195	7.33914	-5.30864	7.45	-5.4	1.99976	-2.99964
7.55008	-5.55347	-635.105	-243.641	7.5499	-5.55354	7.55	-5.55	1.99976	-2.99964
-8158.96	21216.7	-154.948	398.274	7.59167	-5.64447	7.6	-5.65	1.00038	-2.00076
7.64472	-5.73328	415.37	-1059.51	7.64483	-5.73357	7.65	-5.75	1.00037	-2.00074
24820	9724.39	474.977	182.833	7.6402	-5.81769	7.75	-5.9	1.81659	-2.7249
7.84413	-6.05094	-622.517	-233.927	7.84396	-6.051	7.85	-6.05	1.81659	-2.7249
-7943.05	21081.8	-150.053	394.304	7.91394	-6.15143	7.9	-6.15	0.909251	-1.81851
7.95007	-6.25928	411.44	-1073.13	7.95018	-6.25957	7.95	-6.25	0.909247	-1.81849
24957.5	9562.04	474.459	178.906	8.10134	-6.38026	8.05	-6.35	1.81576	-1.81577
8.15907	-6.45826	-617.788	-227.825	8.15891	-6.45832	8.15	-6.45	1.81577	-1.81577
-7810.01	21118	-147.955	392.729	8.3424	-6.65648	8.25	-6.6	1.8218	-2.73269
8.33262	-6.74613	410.883	-1081.56	8.33273	-6.74641	8.35	-6.75	1.8218	-2.73269
24543.3	9316.58	461.063	172.412	8.46635	-6.96022	8.4	-6.9	0.907987	-2.72401
8.44399	-7.03908	-604.021	-221.201	8.44383	-7.03914	8.45	-7.05	0.907988	-2.72398
-7788.47	21202.7	-146.351	392.473	8.53661	-7.23635	8.5	-7.2	0.910054	-2.73014
8.5575	-7.36808	415.422	-1105.43	8.55761	-7.36836	8.55	-7.35	0.910046	-2.73012
24619.6	9244.12	460.352	169.918	8.70486	-7.48959	8.65	-7.45	1.99827	-1.99828
8.75665	-7.55531	-585.622	-210.803	8.7565	-7.55536	8.75	-7.55	1.99828	-1.99828
-7497.4	20759	-139.426	380.015	8.74707	-7.66927	8.8	-7.7	0.909061	-2.72717
8.85021	-7.85363	409.121	-1106.79	8.85031	-7.85391	8.85	-7.85	0.909053	-2.72715
23901.6	8826.66	443.525	161.147	8.88546	-7.96913	8.9	-8	0.908945	-2.72688
8.95099	-8.16392	-573.513	-203.59	8.95085	-8.16397	8.95	-8.15	0.908953	-2.72687
-7354.11	20642.3	-136.08	376.188	9.03618	-8.239	9.05	-8.25	1.82026	-1.82027
9.15139	-8.3478	406.822	-1116.35	9.15149	-8.34807	9.15	-8.35	1.82025	-1.82026
23770	8653.26	438.445	156.465	9.14011	-8.44049	9.2	-8.5	0.999884	-2.99963
9.22916	-8.65048	-566.828	-196.624	9.22902	-8.65053	9.25	-8.65	0.999874	-2.9996
-7196.17	20665.8	-131.899	372.324	9.23666	-8.722	9.3	-8.8	0.999284	-2.99783
9.36388	-8.95137	401.494	-1125.06	9.36398	-8.95164	9.35	-8.95	0.999284	-2.99784
23352.4	8323.78	427.055	150.234	9.47823	-9.13791	9.4	-9.05	0.909209	-1.81844
9.43709	-9.15746	-553.716	-191.067	9.43696	-9.1575	9.45	-9.15	0.90921	-1.81843
-7112.5	20528.4	-130.528	371.054	9.44585	-9.27158	9.5	-9.3	0.908483	-2.72543
9.53874	-9.45166	401.965	-1134.39	9.53884	-9.45193	9.55	-9.45	0.908475	-2.72542
22899.3	8103.72	416.369	144.683	9.6872	-9.68187	9.6	-9.6	0.909756	-2.72927
9.67297	-9.75787	-539.355	-182.529	9.67284	-9.75791	9.65	-9.75	0.909739	-2.72923
-6895.02	20283.6	-125.224	361.618	9.86489	-10.0711	9.7	-9.9	0.998626	-2.99586
9.74704	-10.0464	396.151	-1135.96	9.74713	-10.0467	9.75	-10.05	0.998616	-2.99584
22066.7	7684.41	397.754	136.597	9.75497	-10.1932	9.75	-10.2	0	-2.72857
9.74709	-10.3629	-523.106	-176.073	9.74697	-10.3629	9.75	-10.35	0	-2.72854
-6783.01	20057.6	-122.898	357.647	9.77249	-10.4428	9.8	-10.5	0.909773	-2.7293
9.86252	-10.6459	395.137	-1142	9.86261	-10.6462	9.85	-10.65	0.909773	-2.7293
21147.8	7305.34	378.905	128.997	9.86786	-10.8223	9.85	-10.8	0	-2.72846
9.84561	-10.9408	-500.339	-166.788	9.8455	-10.9408	9.85	-10.95	0	-2.72844
-6561.08	19582.4	-117.614	346.785	9.84594	-11.0973	9.85	-11.1	0	-2.72748
9.8354	-11.2478	388.999	-1139.1	9.83549	-11.2481	9.85	-11.25	0	-2.72745
19813.6	6753.58	353.349	118.133	9.8926	-11.4631	9.85	-11.4	0	-2.9967
9.87147	-11.5692	-475.827	-154.873	9.87136	-11.5692	9.85	-11.55	0	-2.99671
-6197.82	18935.3	-109.422	331.714	9.89882	-11.7746	9.8	-11.7	-0.909227	-2.72768
9.74741	-11.8621	374.033	-1125.68	9.74749	-11.8623	9.75	-11.85	-0.909218	-2.72765
18253	6051.62	323.523	105.854	9.75738	-12.0161	9.7	-12	-0.908714	-2.72613
9.65418	-12.1513	-452.89	-145.538	9.65408	-12.1513	9.65	-12.15	-0.908706	-2.7261
-5976.64	18486.9	-105.133	324.767	9.60373	-12.2428	9.6	-12.25	-0.909639	-1.81931
9.53998	-12.3352	366.036	-1121.76	9.54006	-12.3354	9.55	-12.35	-0.90964	-1.8193
16758.5	5454.63	295.343	95.9926	9.38815	-12.3607	9.45	-12.45	-1.81824	-1.81825
9.35058	-12.5377	-421.265	-136.32	9.35049	-12.5377	9.35	-12.55	-1.81823	-1.81823
-5772.64	17724.6	-101.119	313.366	9.33568	-12.8372	9.2	-12.65	-2.72578	-1.81718
9.047	-12.7526	359.831	-1104.74	9.04708	-12.7528	9.05	-12.75	-2.72576	-1.81717
14453	4693.06	254.006	82.3291	8.97697	-12.8161	8.95	-12.85	-1.8192	-1.81921
8.84912	-12.9423	-375.651	-121.131	8.84904	-12.9423	8.85	-12.95	-1.81921	-1.81921
-5282.56	16266	-91.8876	285.569	8.64934	-12.9537	8.7	-13.05	-2.72781	-1.81854
8.54783	-13.1494	340.299	-1047.65	8.5479	-13.1496	8.55	-13.15	-2.7278	-1.81853
11294.6	3653.64	196.492	65.3997	8.43462	-13.263	8.4	-13.15	-2.72644	0
8.26007	-13.1483	-321.168	-109.008	8.26001	-13.1483	8.25	-13.15	-2.72641	0
-4934.63	14426.1	-85.4457	257.125	8.10139	-13.1447	8.1	-13.15	-3.00083	0
7.95131	-13.1591	325.256	-965.809	7.95138	-13.1593	7.95	-13.15	-3.00084	0
8269.52	2769.59	144.528	49.369	7.85182	-13.2702	7.8	-13.2	-2.72553	-0.908516
7.64081	-13.2654	-265.849	-91.5953	7.64076	-13.2654	7.65	-13.25	-2.72554	-0.908516
-4280.76	12312.6	-72.1322	216.632	7.51359	-13.2891	7.5	-13.2	-2.72544	0.908483
7.35756	-13.1415	287.483	-848.049	7.35762	-13.1417	7.35	-13.15	-2.72544	0.908483
5665.1	1905.15	98.9794	34.9224	7.19553	-13.2012	7.2	-13.15	-2.73035	0
7.053	-13.1563	-214.501	-76.7992	7.05296	-13.1563	7.05	-13.15	-2.73035	0
-3719.74	10281.6	-62.6872	180.943	6.87644	-13.2105	6.85	-13.15	-3.63616	0
6.67195	-13.1363	255.395	-723.51	6.672	-13.1364	6.65	-13.15	-3.63617	0
3303.44	1150.82	57.628	21.2327	6.53838	-13.1322	6.55	-13.15	-1.81656	0
6.46907	-13.1587	-146.24	-54.287	6.46904	-13.1587	6.45	-13.15	-1.81657	0
-2726.64	7241.21	-44.7308	126.674	6.22921	-13.0167	6.3	-13.1	-2.73109	0.910352
6.15719	-13.0318	188.961	-520.828	6.15723	-13.0319	6.15	-13.05	-2.73109	0.91036
1570.61	554.868	27.1576	12.9132	5.95573	-12.8757	6	-12.95	-2.72331	1.81553
5.85713	-12.8423	-84.4972	-39.824	5.85711	-12.8423	5.85	-12.85	-2.72331	1.81554
-2169.02	4516.11	-35.3857	80.32	5.73901	-12.8863	5.7	-12.8	-2.72842	0.909475
5.55587	-12.7555	149.957	-329.014	5.5559	-12.7556	5.55	-12.75	-2.72839	0.909466
-273.217	-139.693	-4.26757	1.01674	5.41889	-12.699	5.4	-12.65	-2.731	1.82067
5.23681	-12.5467	20.0356	0.275695	5.23681	-12.5467	5.25	-12.55	-2.731	1.82066
9.72199	-800.243	-2.07432	-6.99489	5.16911	-12.5003	5.15	-12.45	-1.81821	1.8182
5.04959	-12.3548	5.34995	47.234	5.04959	-12.3548	5.05	-12.35	-1.8182	1.8182
4193.32	-478.577	67.7356	-9.99093	4.99996	-12.3538	4.95	-12.25	-1.99957	1.99957
4.86974	-12.1416	-295.945	37.9063	4.86969	-12.1416	4.85	-12.15	-1.99954	1.99955
1363.92	10847.8	25.4743	181.27	4.83937	-12.0439	4.8	-12.05	-0.999954	1.99993
4.77328	-11.9344	-95.8929	-715.822	4.77326	-11.9345	4.75	-11.95	-0.999959	1.99992
-70855.6	9460.8	-1183.69	162.232	4.5839	-11.6711	4.65	-11.8	-2.0002	3.00031
4.54089	-11.6335	3296.41	-451.887	4.54148	-11.6336	4.55	-11.65	-2.0002	3.0003
17242.1	125596	286.174	2102.04	4.53697	-11.5591	4.55	-11.55	0	1.99749
4.55236	-11.455	132.382	931.287	4.55238	-11.4548	4.55	-11.45	0	1.99746
99439.9	-14142.4	1623.1	-233.988	4.47604	-11.2089	4.5	-11.25	-0.90916	3.63662
4.45692	-11.0539	-3596.28	518.938	4.45629	-11.0538	4.45	-11.05	-0.909152	3.63659
-14340.6	-99357	-237.12	-1651.87	4.39651	-10.8822	4.45	-10.95	0	1.81807
4.45901	-10.8663	-126.336	-861.822	4.45899	-10.8664	4.45	-10.85	0	1.81808
-89230.3	13050.5	-1461.31	216.591	4.493	-10.7885	4.45	-10.7	0	2.72865
4.43998	-10.5543	3509.55	-520.851	4.44058	-10.5544	4.45	-10.55	0	2.72864
15800.7	106332	258.405	1756.58	4.44399	-10.3941	4.45	-10.4	0	2.72392
4.44084	-10.247	134.589	867.184	4.44086	-10.2469	4.45	-10.25	0	2.72391
89554.9	-13905.9	1428.56	-223.354	4.53204	-10.1814	4.5	-10.1	0.909624	2.72885
4.54851	-9.94725	-3492.07	545.036	4.54793	-9.94716	4.55	-9.95	0.909615	2.72884
-16444.7	-105344	-267.638	-1725.7	4.57622	-9.70975	4.6	-9.8	0.909111	2.72733
4.64366	-9.63874	-133.699	-834.303	4.64364	-9.63888	4.65	-9.65	0.909107	2.72732
-83782.9	13397.9	-1344.98	217.215	4.76627	-9.54952	4.75	-9.5	1.81921	2.7288
4.82705	-9.37045	3391.9	-547.838	4.82761	-9.37054	4.85	-9.35	1.81921	2.7288
18027.1	111498	291.616	1817.06	4.89701	-9.18082	4.9	-9.2	0.908739	2.72622
4.94175	-9.04099	136.821	817.364	4.94177	-9.04086	4.95	-9.05	0.908743	2.72623
80274.4	-13444.9	1270.31	-213.02	5.09012	-9.06486	5.05	-8.95	1.8169	1.81688
5.13903	-8.84469	-3306.4	552.992	5.1385	-8.8446	5.15	-8.85	1.81688	1.81688
-19365.7	-115776	-311.863	-1870.56	5.21345	-8.63875	5.25	-8.7	1.8201	2.73014
5.33855	-8.54716	-131.899	-780.642	5.33853	-8.54729	5.35	-8.55	1.82008	2.73013
-74175.7	12504.6	-1188.55	201.777	5.35874	-8.39385	5.4	-8.45	0.910244	1.82049
5.46162	-8.36046	3181.91	-539.706	5.46213	-8.36055	5.45	-8.35	0.910249	1.8205
21897.9	128992	350.551	2074.85	5.63723	-8.3352	5.55	-8.2	1.99657	2.99484
5.63861	-8.0599	133.292	765.464	5.63863	-8.05978	5.65	-8.05	1.99657	2.99485
70872.2	-12349.7	1115.65	-194.143	5.69655	-7.84304	5.75	-7.95	1.81871	1.81872
5.84401	-7.85185	-3081.01	534.728	5.84353	-7.85177	5.85	-7.85	1.81871	1.81871
-24097.1	-138836	-384.766	-2215.48	5.9537	-7.7033	6	-7.75	2.72961	1.81974
6.14455	-7.66242	-122.745	-720.978	6.14453	-7.66253	6.15	-7.65	2.72961	1.81974
-64320.3	10921.9	-1036.68	176.8	6.27	-7.55894	6.25	-7.55	1.9992	1.9992
6.33815	-7.44185	2934.22	-499.606	6.3386	-7.44193	6.35	-7.45	1.99918	1.99918
29130.9	170969	462.183	2714.91	6.44365	-7.32743	6.45	-7.35	1.81911	1.81911
6.54945	-7.25711	118.381	697.453	6.54947	-7.257	6.55	-7.25	1.81909	1.81909
60678.3	-10308	961.384	-162.661	6.71635	-7.22979	6.65	-7.15	1.99996	1.99996
6.75263	-7.03222	-2824.67	476.594	6.7522	-7.03215	6.75	-7.05	1.99996	1.99996
-36022.8	-213514	-569.437	-3369.17	6.81357	-6.96259	6.85	-7	1.99752	0.998765
6.95053	-6.93554	-107.663	-664.472	6.95051	-6.93564	6.95	-6.95	1.99752	0.998765
-56328.1	9097.99	-904.963	146.058	7.00414	-6.76319	7.1	-6.85	2.73035	1.82023
7.25531	-6.75578	2710.08	-436.486	7.25571	-6.75585	7.25	-6.75	2.73035	1.82023
50716.8	314721	795.857	4939.97	7.28718	-6.59248	7.35	-6.65	2.0006	2.0006
7.42946	-6.54893	100.677	634.249	7.42947	-6.54884	7.45	-6.55	2.00058	2.00058
52385.8	-8324.47	824.73	-129.609	7.58756	-6.53752	7.55	-6.5	1.99841	0.999204
7.65301	-6.44331	-2579.95	404.388	7.65263	-6.44325	7.65	-6.45	1.99838	0.999195
-139845	-892446	-2185.95	-13930.1	7.78988	-6.37954	7.8	-6.4	2.99952	0.999844
7.95706	-6.33989	-87.3356	-607.321	7.95705	-6.33998	7.95	-6.35	2.99949	0.999829
-49192.7	7044.12	-791.03	113.734	8.1289	-6.31809	8.05	-6.25	1.81603	1.81603
8.15148	-6.1421	2486.94	-356.559	8.15184	-6.14215	8.15	-6.15	1.81603	1.81603
-190552	-1.32863e+06	-2954.67	-20617.9	8.12981	-5.95044	8.25	-6.05	1.81921	1.81921
8.34843	-5.95296	82.0489	584.204	8.34844	-5.95288	8.35	-5.95	1.81921	1.81921
46271.9	-6508.06	720.508	-99.0366	8.45627	-5.87026	8.5	-5.9	2.729	0.909673
8.64579	-5.83673	-2368.74	325.04	8.64546	-5.83668	8.65	-5.85	2.72898	0.909661
38951.4	284045	600.484	4385.39	8.68227	-5.68169	8.8	-5.75	2.72771	1.81848
8.9518	-5.66009	-68.2095	-544.858	8.95179	-5.66017	8.95	-5.65	2.72772	1.81848
-42169.5	5248.3	-667.039	82.9624	8.99196	-5.51961	9.05	-5.55	1.99939	1.9994
9.15203	-5.45354	2229.47	-276.369	9.15234	-5.45358	9.15	-5.45	1.9994	1.9994
-16989.9	-137088	-259.517	-2103.53	9.25593	-5.41629	9.25	-5.4	1.81776	0.90888
9.34619	-5.33655	61.6791	526.297	9.3462	-5.33648	9.35	-5.35	1.81776	0.908875
40027.4	-4700.59	619.925	-72.3431	9.35852	-5.15981	9.45	-5.2	1.81545	2.72317
9.55615	-5.07165	-2133.4	247.97	9.55586	-5.07162	9.55	-5.05	1.81542	2.72314
10344.3	89128.8	157.252	1360.46	9.60543	-4.91132	9.65	-4.95	1.82145	1.82147
9.75219	-4.83834	-50.4203	-477.169	9.75218	-4.8384	9.75	-4.85	1.82146	1.82146
-35462.9	3715.67	-550.974	57.4671	10.0131	-4.84834	9.85	-4.75	1.81961	1.8196
9.95684	-4.66084	1953.62	-202.95	9.9571	-4.66087	9.95	-4.65	1.8196	1.8196
-5592.27	-53912.2	-83.9561	-818.522	9.99977	-4.51909	10.05	-4.55	1.99827	1.99828
10.1558	-4.43588	43.6467	450.8	10.1558	-4.43582	10.15	-4.45	1.99826	1.99826
32739.2	-3179.17	500.31	-47.6328	10.1567	-4.25503	10.25	-4.3	1.81693	2.72538
10.3314	-4.167	-1824.06	173.107	10.3312	-4.16698	10.35	-4.15	1.81692	2.72536
3495.17	36965	51.8411	559.084	10.3715	-4.04505	10.45	-4.05	1.81951	1.8195
10.5551	-3.94157	-32.1818	-402.758	10.5551	-3.94162	10.55	-3.95	1.8195	1.81951
-28738.4	2264.5	-442.399	34.4641	10.6459	-3.84961	10.65	-3.85	1.81817	1.81818
10.7458	-3.74548	1645.91	-127.567	10.746	-3.7455	10.75	-3.75	1.81816	1.81817
-1924.07	-24959.2	-28.0406	-375.087	10.9384	-3.6422	10.85	-3.6	1.81621	2.7243
10.9457	-3.45032	25.5295	369.301	10.9457	-3.45027	10.95	-3.45	1.8162	2.7243
25725.5	-1787.2	388.102	-26.5193	11.1095	-3.32648	11	-3.3	0.908632	2.72588
11.0437	-3.16013	-1489.01	100.949	11.0435	-3.16012	11.05	-3.15	0.908632	2.72588
1082.32	16142.6	16.0929	241.66	10.9851	-2.95299	11.1	-3	0.909905	2.72971
11.1542	-2.8572	-17.2748	-303	11.1542	-2.85724	11.15	-2.85	0.909888	2.72968
-20637	1145.11	-310.912	18.5854	11.0233	-2.67356	11.15	-2.7	0	2.72847
11.1322	-2.55806	1228.42	-71.246	11.1324	-2.55807	11.15	-2.55	0	2.72844
-525.687	-9256.2	-8.40847	-136.334	11.2541	-2.42353	11.15	-2.4	0	2.72732
11.1569	-2.26583	15.6406	243.996	11.1569	-2.2658	11.15	-2.25	0	2.72732
16035.6	-1035.74	235.079	-13.5649	11.2203	-2.08998	11.25	-2.1	1.81905	2.72856
11.3483	-1.94558	-966.763	56.5261	11.3482	-1.94557	11.35	-1.95	1.81905	2.72856
235.416	4226.36	5.05787	64.1662	11.3928	-1.80815	11.3	-1.8	-0.90916	2.72747
11.2389	-1.64139	-10.3308	-150.151	11.2389	-1.64141	11.25	-1.65	-0.909152	2.72745
-9569.9	628.328	-139.988	10.2427	11.3341	-1.51762	11.25	-1.5	0	2.72321
11.2624	-1.34832	590.138	-40.9626	11.2625	-1.34833	11.25	-1.35	0	2.72321
-48.3228	-860.135	-2.14346	-12.0639	11.3121	-1.19064	11.2	-1.2	-0.909524	2.72856
11.1556	-1.05491	6.81857	42.039	11.1556	-1.0549	11.15	-1.05	-0.909524	2.72856
2435.43	-400.656	32.9224	-7.35593	10.9982	-0.893223	11.05	-0.9	-1.81945	2.72916
10.9445	-0.733194	-147.388	29.2587	10.9445	-0.73319	10.95	-0.75	-1.81942	2.72913
-173.733	-818.402	-1.36677	-13.3533	10.8362	-0.586	10.9	-0.599999	-0.909839	2.72952
10.8388	-0.441038	8.63985	51.6016	10.8388	-0.441032	10.85	-0.449999	-0.909822	2.72949
2904.14	-491.116	41.7093	-10.0219	10.6309	-0.359954	10.7	-0.349999	-2.99538	1.99692
10.5529	-0.247126	-177.783	38.2289	10.5529	-0.247121	10.55	-0.25	-2.99539	1.99691
-302.057	-1353.26	-3.01148	-21.9441	10.4322	-0.19515	10.45	-0.2	-1.81715	0.908579
10.3505	-0.143267	15.1477	84.2902	10.3505	-0.143257	10.35	-0.15	-1.81716	0.908579
4663.05	-842.168	67.3153	-14.5941	10.2068	-0.109014	10.2	-0.0999996	-2.73194	0.910655
10.0541	-0.0441347	-284.605	58.0313	10.0541	-0.0441275	10.05	-0.0499992	-2.73194	0.910655
-478.557	-2295.5	-4.54723	-35.2304	9.89001	0.00816785	9.9	9.49949e-07	-2.72481	0.908268
9.75876	0.0560151	21.8311	135.991	9.75876	0.0560308	9.75	0.0500011	-2.72477	0.90826
7573.11	-1219.66	109.744	-19.3069	9.63528	0.0929341	9.65	0.100001	-1.81759	0.908784
9.56972	0.149497	-457.978	78.0239	9.56967	0.149506	9.55	0.15	-1.81757	0.908775
-597.739	-3449.64	-6.03719	-50.9468	9.56225	0.148577	9.4	0.15	-2.72659	0
9.25348	0.150145	25.5241	185.15	9.25348	0.150166	9.25	0.15	-2.72658	0
10458.5	-1445.67	150.661	-23.2626	9.0821	0.207802	9.1	0.2	-2.72925	0.909752
8.93582	0.243158	-622.633	92.78	8.93575	0.243169	8.95	0.25	-2.72926	0.909752
-702	-4648.33	-7.38606	-68.4493	8.94634	0.26481	8.8	0.25	-2.72783	0
8.64483	0.254327	26.5259	222.783	8.64483	0.254352	8.65	0.25	-2.7278	0
12785.1	-1526.07	183.573	-24.46	8.46866	0.251128	8.5	0.25	-2.72395	0
8.35783	0.250138	-750.162	96.6252	8.35775	0.250149	8.35	0.25	-2.72395	0
-643.237	-4927.34	-6.53377	-72.142	8.28111	0.196974	8.2	0.2	-2.73278	-0.910929
8.03004	0.15409	20.8003	213.078	8.03004	0.154113	8.05	0.15	-2.73279	-0.910929
12552.5	-1229.27	179.576	-21.4846	7.74678	0.154598	7.85	0.15	-3.9992	0
7.63723	0.143292	-735.048	83.1453	7.63715	0.143302	7.65	0.15	-3.99916	0
-486.292	-4230.01	-5.20796	-62.9938	7.61982	0.157052	7.55	0.15	-1.99868	0
7.43926	0.160373	16.7266	185.516	7.43926	0.160393	7.45	0.15	-1.99866	0
11070.1	-1001.66	157.012	-16.844	7.34481	0.102019	7.3	0.100001	-2.72622	-0.908734
7.16778	0.0463296	-649.639	66.1723	7.16771	0.0463372	7.15	0.0500011	-2.72623	-0.908734
-274.065	-2620.21	-2.05209	-38.9552	7.05721	-0.05037	7.05	-0.0499995	-1.81887	-1.81889
6.95035	-0.144862	8.14971	122.851	6.95035	-0.144849	6.95	-0.15	-1.81888	-1.81889
7715.87	-515.695	109.192	-8.88178	6.87212	-0.243254	6.85	-0.25	-1.81792	-1.81792
6.76322	-0.348184	-456.367	34.7117	6.76317	-0.34818	6.75	-0.35	-1.81792	-1.81792
-19.5186	-167.316	1.52704	-3.53444	6.75759	-0.453523	6.65	-0.45	-1.81881	-1.8188
6.56412	-0.553925	-3.32841	9.84622	6.56412	-0.553924	6.55	-0.549999	-1.81879	-1.81878
-462.711	-142.104	-3.8737	-2.83622	6.60439	-0.765755	6.45	-0.749999	-1.81971	-3.63941
6.36344	-0.942515	23.021	11.2079	6.36344	-0.942514	6.35	-0.949999	-1.81969	-3.63937
291.096	-588.331	4.83491	-8.70214	6.35624	-1.10001	6.35	-1.1	0	-2.99522
6.36321	-1.25111	-18.6712	34.4579	6.36321	-1.25111	6.35	-1.25	0	-2.99519
-1219.5	-648.563	-16.627	-8.62342	6.30992	-1.40686	6.35	-1.4	0	-2.72817
6.35536	-1.55723	72.5082	36.8451	6.35537	-1.55723	6.35	-1.55	0	-2.72817
1117.66	-2191.48	15.7376	-29.3284	6.50996	-1.74616	6.35	-1.7	0	-2.72628
6.35449	-1.83674	-67.0831	126.807	6.35448	-1.83673	6.35	-1.85	0	-2.72628
-4097.88	-2156.07	-56.136	-29.011	6.38849	-2.02257	6.35	-2	0	-2.73154
6.35076	-2.13768	238.492	122.772	6.35078	-2.13767	6.35	-2.15	0	-2.73152
4231.11	-8213.3	58.4826	-111.585	6.28921	-2.27735	6.35	-2.3	0	-2.99503
6.33357	-2.43773	-239.165	458.232	6.33355	-2.43768	6.35	-2.45	0	-2.99503
-13858.8	-7221.95	-190.002	-96.9921	6.30986	-2.56694	6.4	-2.6	0.909996	-2.73
6.45616	-2.75363	694.15	354.374	6.45623	-2.7536	6.45	-2.75	0.91	-2.73
14244	-27897.2	195.189	-377.832	6.40481	-2.87127	6.5	-2.9	0.907593	-2.72277
6.54635	-3.01962	-595.862	1153.36	6.54629	-3.01951	6.55	-3.05	0.907584	-2.72274
-38212.8	-19729.5	-518.815	-266.271	6.70928	-3.32749	6.55	-3.25	0	-3.63617
6.54754	-3.45518	971.224	494.915	6.54763	-3.45513	6.55	-3.45	0	-3.63613
23448.9	-46014.8	318.295	-619.499	6.52015	-3.55608	6.6	-3.6	0.909673	-2.72901
6.64578	-3.73688	-742.647	1441.69	6.64571	-3.73674	6.65	-3.75	0.909661	-2.72898
-50532.7	-26018	-681.807	-348.661	6.71319	-3.83967	6.75	-3.85	1.81795	-1.81795
6.85193	-3.93667	887.471	447.855	6.85201	-3.93663	6.85	-3.95	1.81793	-1.81793
21564.8	-42731.2	289.455	-567.291	7.13409	-4.28567	6.9	-4.15	0.909979	-3.63994
6.95487	-4.32869	-748.457	1463.79	6.9548	-4.32855	6.95	-4.35	0.909975	-3.6399
-48139.8	-24601.6	-645.315	-327.914	7.00947	-4.44692	7	-4.45	0.907889	-1.81577
7.05578	-4.55109	826.582	414.757	7.05586	-4.55105	7.05	-4.55	0.907881	-1.81576
20529.2	-40913	274.511	-541.148	7.15974	-4.75194	7.1	-4.7	0.909789	-2.72935
7.13268	-4.82732	-756.841	1490.03	7.13261	-4.82718	7.15	-4.85	0.909777	-2.72933
-46445	-23577.8	-620.47	-311.538	7.2829	-5.01975	7.25	-5	1.81861	-2.72792
7.34294	-5.14645	777.33	382.111	7.34301	-5.14642	7.35	-5.15	1.81859	-2.72789
19270.9	-39203.4	253.769	-510.337	7.32687	-5.26205	7.4	-5.3	0.999994	-3
7.46181	-5.44993	-744.461	1496.19	7.46174	-5.44979	7.45	-5.45	0.999999	-3
-44634.1	-22194.9	-593.21	-292.385	7.47116	-5.48352	7.55	-5.55	1.81749	-1.81749
7.65982	-5.65523	750.133	362.968	7.65989	-5.6552	7.65	-5.65	1.81747	-1.81747
18514.5	-38263.9	243.542	-497.727	7.78563	-5.85993	7.7	-5.8	0.909598	-2.72881
7.75283	-5.95836	-733.506	1498.48	7.75276	-5.95823	7.75	-5.95	0.909594	-2.72878
-43043.7	-21055.7	-569.383	-275.913	7.79663	-6.00945	7.85	-6.05	1.81964	-1.81964
7.95027	-6.15508	729.916	346.853	7.95034	-6.15505	7.95	-6.15	1.81962	-1.81962
17876.5	-37620.5	235.015	-486.024	8.04642	-6.30578	8.05	-6.3	1.99731	-2.99599
8.14861	-6.44656	-724.419	1498.16	8.14855	-6.44643	8.15	-6.45	1.99732	-2.99598
-41860.4	-20226.2	-549.116	-263.386	8.26534	-6.60186	8.2	-6.55	0.909111	-1.81822
8.25273	-6.64999	716.693	337.99	8.25279	-6.64996	8.25	-6.65	0.909111	-1.81822
17733.1	-37604.5	232.061	-485.686	8.2109	-6.73286	8.3	-6.8	0.90845	-2.72534
8.35454	-6.94732	-723.832	1514.94	8.35448	-6.94719	8.35	-6.95	0.908442	-2.72531
-40817.4	-19486.7	-534.465	-251.795	8.61718	-7.22425	8.45	-7.1	1.81925	-2.72886
8.5466	-7.24806	691.596	317.459	8.54666	-7.24803	8.55	-7.25	1.81924	-2.72886
16737	-36464.3	215.804	-463.334	8.69659	-7.3744	8.65	-7.35	1.82079	-1.8208
8.74717	-7.43351	-697.183	1497.6	8.74711	-7.43338	8.75	-7.45	1.8208	-1.8208
-39388.3	-18320.8	-513.032	-235.585	8.68846	-7.50096	8.8	-7.6	0.997629	-2.99288
8.84978	-7.75352	692.131	310.131	8.84984	-7.75349	8.85	-7.75	0.997629	-2.99288
16613.4	-37080.1	213.434	-470.546	8.77486	-7.80083	8.9	-7.9	0.909127	-2.72742
8.9461	-8.07129	-690.954	1523.8	8.94604	-8.07116	8.95	-8.05	0.909127	-2.7274
-39008.6	-17671.8	-505.645	-227.09	8.92041	-8.11276	9	-8.15	0.909524	-1.81903
9.01887	-8.23508	670.594	295.091	9.01893	-8.23506	9.05	-8.25	0.909516	-1.81902
15978.3	-36314.2	205.774	-461.068	9.04724	-8.3711	9.1	-8.4	0.909922	-2.72975
9.16286	-8.53317	-676.778	1517.34	9.1628	-8.53304	9.15	-8.55	0.909913	-2.72976
-37624.9	-16765.2	-485.354	-213.035	9.09379	-8.55764	9.25	-8.7	1.8169	-2.72535
9.35074	-8.8547	660.421	281.724	9.3508	-8.85468	9.35	-8.85	1.81688	-2.72532
15343.1	-35971.6	195.045	-450.26	9.40597	-8.96981	9.4	-9	0.910219	-2.73069
9.45343	-9.16212	-654.371	1512	9.45338	-9.162	9.45	-9.15	0.910228	-2.73069
-36219.2	-15657.6	-464.64	-198.183	9.51544	-9.36256	9.5	-9.3	0.997908	-2.99371
9.56989	-9.4515	648.307	269.244	9.56994	-9.45148	9.55	-9.45	0.997908	-2.99372
14836.9	-35730.4	187.796	-446.996	9.62712	-9.59131	9.6	-9.55	0.909971	-1.81993
9.64608	-9.6695	-636.613	1516.12	9.64603	-9.66938	9.65	-9.65	0.909954	-1.81992
-35756.3	-14996.1	-457.008	-189.711	9.63311	-9.79216	9.65	-9.8	0	-2.73054
9.64837	-9.95868	644.254	261.292	9.64842	-9.95866	9.65	-9.95	0	-2.73053
14593.8	-35989.3	185.749	-449.96	9.61381	-9.98703	9.7	-10.1	0.998187	-2.99456
9.75165	-10.2484	-630.844	1530.11	9.7516	-10.2483	9.75	-10.25	0.998187	-2.99455
-34976.2	-14402	-443.865	-180.204	9.7698	-10.3568	9.8	-10.4	0.909806	-2.7294
9.86325	-10.5382	626.059	246.974	9.8633	-10.5382	9.85	-10.55	0.909797	-2.72938
13947.7	-35362.7	175.048	-437.919	9.8617	-10.6917	9.85	-10.7	0	-2.72718
9.84679	-10.8548	-607.25	1520.5	9.84674	-10.8547	9.85	-10.85	0	-2.72715
-33108.9	-13204.5	-418.773	-165.142	9.75887	-10.887	9.85	-11	0	-2.72395
9.86437	-11.1448	606.361	233.037	9.86442	-11.1448	9.85	-11.15	0	-2.72395
13375.6	-34811	168.09	-430.893	9.87245	-11.316	9.85	-11.3	0	-2.73074
9.85041	-11.4465	-590.429	1515.34	9.85036	-11.4464	9.85	-11.45	0	-2.73075
-31230	-12149.3	-392.801	-150.81	9.93142	-11.6783	9.85	-11.6	0	-2.72396
9.8317	-11.7336	581.513	216.966	9.83174	-11.7336	9.85	-11.75	0	-2.72396
12631	-33863	157.586	-416.606	9.80843	-11.8702	9.8	-11.9	-1.0005	-3.00149
9.75335	-12.0507	-564.892	1495.11	9.75331	-12.0506	9.75	-12.05	-1.0005	-3.0015
-28239.6	-10651	-353.058	-133.123	9.64519	-12.1714	9.65	-12.15	-1.81799	-1.81797
9.5552	-12.2329	542.255	201.148	9.55524	-12.2329	9.55	-12.25	-1.81797	-1.81797
12045.3	-32482.9	151.234	-403.359	9.47014	-12.4324	9.45	-12.4	-1.82042	-2.73064
9.34176	-12.5588	-550.252	1468.53	9.34172	-12.5587	9.35	-12.55	-1.82041	-2.73063
-24036.7	-8988.09	-299.373	-111.838	9.21558	-12.6577	9.25	-12.65	-1.99893	-1.99891
9.16458	-12.7506	478.306	175.282	9.16462	-12.7506	9.15	-12.75	-1.99891	-1.9989
10712.3	-29244.7	133.046	-361.218	9.08802	-12.8351	9.05	-12.85	-1.81839	-1.81839
8.9594	-12.9427	-503.309	1365.96	8.95936	-12.9426	8.95	-12.95	-1.81838	-1.81838
-18983.5	-6976.61	-235.382	-87.7426	8.8569	-13.1416	8.8	-13	-2.72942	-0.909806
8.65419	-13.0444	424.237	156.43	8.65422	-13.0444	8.65	-13.05	-2.72941	-0.909806
9858.37	-26751.4	122.68	-332.424	8.49168	-13.0983	8.5	-13.15	-2.99987	-1.99991
8.34364	-13.2382	-473.564	1281.37	8.3436	-13.2381	8.35	-13.25	-2.99984	-1.9999
-14826.4	-5462.17	-182.974	-69.4566	8.19421	-13.0768	8.25	-13.2	-1.99797	0.998985
8.15671	-13.1486	361.664	136.306	8.15674	-13.1486	8.15	-13.15	-1.99797	0.998985
8813.04	-23400.6	109.332	-291.359	7.9999	-13.1879	8	-13.2	-2.73	-0.910004
7.85317	-13.2534	-432.292	1148.67	7.85314	-13.2533	7.85	-13.25	-2.73	-0.910004
-10143	-3800.51	-124.615	-48.8646	7.57824	-13.1345	7.65	-13.25	-3.62957	0
7.4542	-13.2433	281.517	109.042	7.45422	-13.2433	7.45	-13.25	-3.62953	0
7292.48	-18845.5	89.4629	-234.086	7.33241	-13.2718	7.3	-13.25	-2.7301	0
7.13169	-13.2373	-364.667	948.612	7.13166	-13.2372	7.15	-13.25	-2.73007	0
-5867.3	-2239.28	-72.0622	-29.2875	6.97467	-13.1643	7	-13.25	-2.72703	0
6.84851	-13.2404	194.915	76.9358	6.84852	-13.2404	6.85	-13.25	-2.727	0
5295.21	-13434.7	63.5553	-165.997	6.7113	-13.2598	6.7	-13.2	-2.72742	0.909144
6.55628	-13.1584	-267.151	689.526	6.55626	-13.1584	6.55	-13.15	-2.72742	0.909144
-2890.17	-1104.2	-35.5018	-16.1355	6.32545	-12.9303	6.4	-13.1	-2.72703	0.908994
6.25111	-13.0473	116.22	49.5167	6.25112	-13.0473	6.25	-13.05	-2.727	0.908995
3541.45	-8332.08	42.1886	-103.427	6.09711	-13.0021	6.1	-13	-2.73	0.910004
5.95514	-12.9613	-179.52	432.392	5.95513	-12.9613	5.95	-12.95	-2.72998	0.909996
-596.676	-232.139	-7.24428	-5.22766	5.89343	-13.1185	5.8	-12.9	-2.99275	0.99759
5.6635	-12.8347	26.8954	15.1992	5.6635	-12.8347	5.65	-12.85	-2.99275	0.99758
1176.7	-2100.9	12.5817	-26.6279	5.61778	-12.8527	5.55	-12.75	-1.81993	1.81994
5.45219	-12.6228	-56.0869	110.379	5.45219	-12.6228	5.45	-12.65	-1.81994	1.81994
339.02	187.489	4.34758	-0.569688	5.30917	-12.4284	5.35	-12.55	-1.81722	1.81723
5.25069	-12.4448	-19.216	-4.00258	5.25069	-12.4448	5.25	-12.45	-1.81721	1.81721
-294.398	1256.46	0.0265927	14.4985	5.13338	-12.4375	5.1	-12.35	-2.72881	1.8192
4.9499	-12.2734	6.00065	-64.6418	4.9499	-12.2734	4.95	-12.25	-2.72881	1.81921
892.924	70.803	12.3848	3.24987	4.92993	-12.1787	4.9	-12.15	-0.908467	1.81693
4.84027	-12.0359	-46.4891	-10.568	4.84027	-12.0359	4.85	-12.05	-0.908462	1.81692
-739.53	3113.02	-5.31773	39.1696	4.79909	-11.9738	4.75	-11.9	-1.81788	2.72684
4.63814	-11.758	27.7026	-162.387	4.63814	-11.758	4.65	-11.75	-1.81788	2.72683
1592.7	259.77	21.248	5.72024	4.50688	-11.4491	4.6	-11.65	-0.909963	1.81994
4.53991	-11.541	-81.469	-20.1769	4.5399	-11.541	4.55	-11.55	-0.909959	1.81992
-1410.17	5569.81	-13.2485	69.0882	4.46798	-11.2692	4.5	-11.35	-0.909227	3.63689
4.45518	-11.1556	61.1356	-287.751	4.45518	-11.1556	4.45	-11.15	-0.909218	3.63686
2347.5	486.738	30.4258	8.43304	4.47788	-11.2387	4.4	-11.05	-0.909227	1.81845
4.36692	-10.9529	-115.949	-30.5045	4.36691	-10.9529	4.35	-10.95	-0.909222	1.81844
-2133.18	7996.54	-23.4679	97.6518	4.34978	-10.6819	4.4	-10.8	0.9094	2.72823
4.42488	-10.6572	101.937	-407.536	4.42489	-10.6572	4.45	-10.65	0.909396	2.72819
3070.06	756.406	37.3903	12.245	4.45256	-10.5332	4.45	-10.5	0	3.00113
4.44693	-10.3512	-142.811	-44.3759	4.44692	-10.3512	4.45	-10.35	0	3.00113
-3135.71	9999.42	-35.3724	121.895	4.41237	-9.99477	4.5	-10.2	0.999524	2.99855
4.55559	-10.0446	150.922	-505.625	4.5556	-10.0446	4.55	-10.05	0.999524	2.99856
3604.01	1064.65	43.8219	15.4298	4.57379	-9.85032	4.6	-9.9	0.998267	2.9948
4.65842	-9.75093	-160.053	-54.8095	4.65841	-9.75093	4.65	-9.75	0.998262	2.99479
-3862.65	11198.9	-45.0119	135.162	4.60255	-9.4741	4.7	-9.65	0.910924	1.82187
4.74424	-9.53903	189.574	-560.989	4.74425	-9.53907	4.75	-9.55	0.910928	1.82186
4101.67	1375.21	48.5757	18.4646	4.78405	-9.35872	4.8	-9.4	0.908038	2.72411
4.87524	-9.25457	-175.472	-65.433	4.87523	-9.25457	4.85	-9.25	0.908033	2.7241
-4563.06	12164.8	-52.6073	146.011	4.92663	-9.02336	4.95	-9.1	1.81851	2.72776
5.04623	-8.96374	221.453	-605.242	5.04624	-8.96378	5.05	-8.95	1.81852	2.72777
5449.3	1983.42	64.7129	25.2421	5.1055	-8.72095	5.15	-8.8	1.8165	2.72476
5.263	-8.64397	-227.235	-87.8255	5.26299	-8.64398	5.25	-8.65	1.8165	2.72475
-5954.24	15339.4	-69.6063	181.962	5.34134	-8.5519	5.35	-8.55	1.82159	1.8216
5.43216	-8.4388	288.787	-749.463	5.43218	-8.43885	5.45	-8.45	1.82157	1.82157
8312.19	3192.65	97.178	38.6232	5.5122	-8.36624	5.5	-8.35	0.908054	1.81609
5.54145	-8.23536	-315.471	-125.071	5.54143	-8.23537	5.55	-8.25	0.908054	1.8161
-8287.21	20840.3	-97.2617	244.926	5.72065	-8.20245	5.7	-8.15	2.72851	1.81902
5.85205	-8.03154	393.251	-987.399	5.85207	-8.0316	5.85	-8.05	2.72849	1.81899
14237.3	5660.32	165.053	66.8803	5.99121	-7.96746	5.95	-7.9	1.81851	2.72777
6.04958	-7.75138	-451.198	-183.1	6.04955	-7.75139	6.05	-7.75	1.81852	2.72777
-11764.4	28930.7	-136.944	338.379	6.20599	-7.74241	6.15	-7.65	1.81739	1.81739
6.24727	-7.56325	526.192	-1296.11	6.2473	-7.56333	6.25	-7.55	1.81739	1.81739
24566.5	9964.06	284.807	115.828	6.39144	-7.48582	6.35	-7.45	1.8164	1.81641
6.4453	-7.36222	-593.354	-241.471	6.44526	-7.36223	6.45	-7.35	1.81638	1.81638
-15042.3	36905.6	-174.391	427.712	6.66209	-7.31025	6.6	-7.25	2.72856	1.81904
6.74852	-7.14195	626.127	-1532.72	6.74856	-7.14204	6.75	-7.15	2.72856	1.81904
37661.9	15376.5	434.094	177.265	6.83447	-7.05268	6.85	-7.05	1.82066	1.82066
6.97721	-6.96142	-719.942	-293.881	6.97717	-6.96144	6.95	-6.95	1.82065	1.82065
-17721.6	43358.5	-204.735	499.581	7.13677	-6.88363	7.1	-6.85	2.99976	1.99984
7.25516	-6.74642	682.989	-1663.74	7.2552	-6.74652	7.25	-6.75	2.99976	1.99984
50109.7	20562.9	574.677	236.369	7.234	-6.59525	7.3	-6.65	0.999384	1.99876
7.33496	-6.53946	-834.175	-343.787	7.33491	-6.53948	7.35	-6.55	0.999369	1.99874
-20324.7	49262.2	-235.485	566.128	7.67988	-6.69347	7.5	-6.55	2.72747	0
7.64385	-6.55767	726.894	-1744.38	7.64389	-6.55777	7.65	-6.55	2.72745	0
59795	24909.1	681.387	283.537	7.94309	-6.60222	7.75	-6.45	1.81623	1.81624
7.84571	-6.34019	-911.664	-378.644	7.84566	-6.34021	7.85	-6.35	1.81623	1.81624
-21843.5	52539.7	-250.305	598.789	7.9171	-6.24084	8	-6.3	2.72648	0.908821
8.14597	-6.23091	734.611	-1753.46	8.14601	-6.23101	8.15	-6.25	2.72645	0.908817
67337.3	28203.9	764.641	320.419	8.37368	-6.18614	8.25	-6.1	1.81898	2.72847
8.35508	-5.95809	-1018.31	-426.789	8.35502	-5.95811	8.35	-5.95	1.81897	2.72844
-23909.4	56995.6	-273.641	648.088	8.43843	-5.87193	8.5	-5.9	2.72647	0.90883
8.64197	-5.86557	740.007	-1747.44	8.64201	-5.86567	8.65	-5.85	2.72645	0.908817
73494.4	31117.3	830.49	350.932	8.76652	-5.75601	8.75	-5.75	1.81789	1.81788
8.85204	-5.65131	-1121.03	-472.398	8.85198	-5.65134	8.85	-5.65	1.81789	1.81788
-25723.6	60993	-291.579	688.207	8.91028	-5.47662	9	-5.55	2.73109	1.82073
9.13478	-5.4598	729.399	-1715.84	9.13482	-5.45989	9.15	-5.45	2.73106	1.82072
77843	33085.3	876.337	371.589	9.32693	-5.39468	9.25	-5.35	1.81796	1.81795
9.33052	-5.26016	-1232.82	-521.186	9.33045	-5.26019	9.35	-5.25	1.81794	1.81793
-27683.2	65431.4	-312.199	734.796	9.4498	-5.12838	9.5	-5.15	2.72905	1.81937
9.6375	-5.04319	712.361	-1669.95	9.63754	-5.04328	9.65	-5.05	2.72903	1.81935
80353.7	34272.1	900.309	383.886	9.83281	-5.00671	9.7	-4.95	0.998666	1.99733
9.74863	-4.84742	-1339.2	-570.695	9.74856	-4.84745	9.75	-4.85	0.998656	1.99731
-29783.4	69840.3	-334.883	783.671	9.96003	-4.81123	9.85	-4.75	1.8172	1.81719
9.9339	-4.66423	694.094	-1618.14	9.93394	-4.66432	9.95	-4.65	1.81717	1.81717
81125.4	34794	906.147	387.553	10.1357	-4.58625	10.05	-4.55	1.82042	1.82043
10.1445	-4.4425	-1430.87	-610.27	10.1444	-4.44253	10.15	-4.45	1.82041	1.82042
-30958.2	72537.3	-346.354	807.578	10.3185	-4.35401	10.3	-4.35	2.72672	1.81782
10.4496	-4.2482	665.239	-1542.01	10.4496	-4.24828	10.45	-4.25	2.7267	1.8178
80576	34757.8	893.141	385.509	10.5826	-4.11494	10.5	-4.1	0.908764	2.72628
10.5543	-3.95158	-1535.82	-663.046	10.5542	-3.95161	10.55	-3.95	0.908764	2.72628
-32686.8	75665.2	-364.575	842.691	10.6618	-3.80699	10.65	-3.8	1.8194	2.72911
10.7602	-3.65409	630.997	-1451.98	10.7602	-3.65417	10.75	-3.65	1.81939	2.72908
78300.7	34024.9	866.783	375.233	10.8593	-3.57039	10.85	-3.55	1.81839	1.81838
10.9376	-3.46788	-1632.17	-704.817	10.9375	-3.46792	10.95	-3.45	1.81838	1.81838
-33681.7	77951.3	-371.855	861.025	11.0183	-3.30073	11	-3.3	0.908549	2.72563
11.0672	-3.146	589.94	-1361.49	11.0672	-3.14607	11.05	-3.15	0.908549	2.72564
75994.8	32926.7	838.711	363.037	11.1054	-3.01303	11.1	-3	0.90888	2.72663
11.1429	-2.84806	-1726.72	-746.887	11.1428	-2.8481	11.15	-2.85	0.908863	2.72661
-34299	79250.7	-378.317	873.968	11.1758	-2.69942	11.2	-2.7	0.909988	2.72995
11.2495	-2.54084	546.675	-1257.49	11.2495	-2.5409	11.25	-2.55	0.909988	2.72995
72284.9	31423.3	792.768	346.096	11.4549	-2.46508	11.2	-2.4	-0.907692	2.72306
11.1706	-2.24057	-1800.61	-786.919	11.1705	-2.24061	11.15	-2.25	-0.907683	2.72304
-34482	78858.7	-381.254	868.755	11.2202	-2.08176	11.25	-2.1	1.8219	2.73284
11.3536	-1.97098	511.398	-1154.97	11.3536	-1.97104	11.35	-1.95	1.82188	2.73281
68311.3	30246.4	742.219	328.986	11.224	-1.77367	11.35	-1.8	0	2.71996
11.3662	-1.64382	-1851.17	-820.48	11.3661	-1.64386	11.35	-1.65	0	2.71993
-34009	76691.1	-371.963	840.055	11.2691	-1.47976	11.35	-1.5	0	2.73448
11.3391	-1.34506	472.687	-1064.71	11.3391	-1.34511	11.35	-1.35	0	2.73446
64886.8	28807.3	706.883	316.031	11.2507	-1.19626	11.25	-1.2	-1.99969	2.99952
11.1533	-1.0432	-1888.75	-844.874	11.1532	-1.04324	11.15	-1.05	-1.99967	2.99949
-32663	72982.4	-356.124	799.477	10.9697	-0.89157	11.1	-0.9	-1.00006	3.00024
11.0654	-0.742637	432.82	-973.52	11.0654	-0.742685	11.05	-0.75	-1.00006	3.00021
60911	27081.5	664.308	297.35	10.8913	-0.655608	10.95	-0.649999	-1.81771	1.81773
10.8419	-0.548963	-1899.79	-850.364	10.8418	-0.549005	10.85	-0.549999	-1.81772	1.81773
-30445.7	67983.6	-329.925	741.414	10.827	-0.442912	10.75	-0.45	-1.81842	1.8184
10.6642	-0.353369	398.987	-900.389	10.6642	-0.353413	10.65	-0.35	-1.8184	1.81839
57691.5	25565.9	627.694	281.574	10.5503	-0.248633	10.5	-0.25	-3.00035	2.00024
10.3488	-0.171858	-1893.08	-848.85	10.3487	-0.171899	10.35	-0.15	-3.00032	2.00022
-28356.5	63208	-306.521	688.644	10.2559	-0.115293	10.25	-0.0999996	-2.00053	1.00027
10.137	-0.046248	374.481	-846.554	10.137	-0.0462889	10.15	-0.0499992	-2.00053	1.00027
55158.2	24401.2	599.548	267.243	10.0717	0.0165033	10.05	9.49949e-07	-2.00009	1.00004
9.92842	0.0556433	-1876.61	-835.916	9.92833	0.0556031	9.95	0.0500011	-2.00006	1.00003
-26666.6	59835.5	-285.559	648.228	9.8478	0.0279858	9.8	0.0500011	-3.00025	0
9.65027	0.037315	358.431	-822.541	9.65029	0.0372757	9.65	0.0500011	-3.00024	0
54197.8	23618.9	589.229	259.88	9.54682	0.0997641	9.5	0.100001	-2.99825	0.999409
9.33524	0.138502	-1872.39	-824.969	9.33515	0.138463	9.35	0.15	-2.99825	0.999409
-25236.4	57249.2	-270.573	618.594	9.46113	0.134275	9.25	0.15	-1.81915	0
9.13785	0.161585	345.962	-795.23	9.13787	0.161547	9.15	0.15	-1.81913	0
52925.9	23026.9	569.833	251.11	9.02723	0.196492	9	0.2	-2.99927	0.99976
8.82137	0.250561	-1854.93	-816.31	8.82128	0.250523	8.85	0.25	-2.99927	0.99976
-23862.4	54197.3	-253.803	584.17	8.67607	0.247512	8.7	0.25	-2.99873	0
8.54914	0.247082	331.144	-771.626	8.54916	0.247046	8.55	0.25	-2.99871	0
51896.6	22273.2	560.472	243.221	8.44086	0.253341	8.4	0.25	-2.72872	0
8.23029	0.258651	-1846.05	-800.045	8.2302	0.258614	8.25	0.25	-2.72871	0
-23133.8	53355.2	-244.799	572.278	8.1066	0.204722	8.1	0.2	-2.99909	-0.9997
7.94776	0.12799	326.784	-773.31	7.94777	0.127954	7.95	0.15	-2.9991	-0.9997
51956.6	21957.2	558.754	239.331	7.82213	0.149733	7.8	0.15	-3.00101	0
7.63391	0.151676	-1843.94	-788.602	7.63383	0.15164	7.65	0.15	-3.00099	0
-23162.8	54137.1	-244.741	578.714	7.49691	0.101076	7.5	0.100001	-2.72698	-0.908982
7.35045	0.065656	331.502	-791.704	7.35046	0.0656199	7.35	0.0500011	-2.72695	-0.908974
52771.3	22097.8	564.491	238.452	7.13188	-0.00451978	7.25	9.49949e-07	-2.00032	-1.00016
7.14973	-0.0559513	-1850.32	-780.823	7.14965	-0.0559868	7.15	-0.0499992	-2.0003	-1.00015
-24827.9	58813	-260.575	624.867	6.77233	-0.150907	7	-0.15	-2.72534	-1.8169
6.8587	-0.227879	355.134	-861.145	6.85872	-0.227918	6.85	-0.25	-2.72532	-1.81688
55885.4	23047.9	596.747	246.996	6.70421	-0.347264	6.8	-0.349999	-1.00053	-2.00107
6.74695	-0.440971	-1877.9	-776.972	6.74687	-0.441006	6.75	-0.449999	-1.00054	-2.00107
-28094.2	67879.5	-294.432	716.474	6.72084	-0.550555	6.65	-0.549999	-2.00016	-2.00017
6.54835	-0.624051	397.804	-973.481	6.54837	-0.624094	6.55	-0.65	-2.00016	-2.00017
60739.4	24820.9	642.784	263.216	6.40088	-0.78131	6.5	-0.799999	-0.999884	-2.99963
6.44867	-0.960092	-1893.56	-775.302	6.44859	-0.960126	6.45	-0.949999	-0.999884	-2.99963
-33157.8	80958.9	-347.695	850.195	6.37766	-1.0844	6.4	-1.1	-0.999984	-2.99995
6.35594	-1.24351	469.79	-1147.95	6.35596	-1.24356	6.35	-1.25	-0.999969	-2.99992
67693.5	27702.1	709.152	289.53	6.5527	-1.43518	6.35	-1.4	0	-3.00132
6.35511	-1.55181	-1859.93	-758.99	6.35503	-1.55184	6.35	-1.55	0	-3.00129
-36917.1	90440.2	-385.596	943.943	6.33086	-1.6454	6.35	-1.65	0	-1.81769
6.34354	-1.74824	545.683	-1331.84	6.34356	-1.7483	6.35	-1.75	0	-1.81769
75012.9	30733.1	780.756	318.423	6.34522	-1.96081	6.35	-1.95	0	-3.99976
6.34103	-2.12273	-1784.25	-726.561	6.34095	-2.12276	6.35	-2.15	0	-3.99972
-38921.2	95551.6	-404.75	992.086	6.3068	-2.23646	6.35	-2.25	0	-2
6.34782	-2.35267	622.483	-1520.55	6.34785	-2.35274	6.35	-2.35	0	-1.99998
82677.7	33844.7	856.677	349.412	6.26272	-2.46894	6.35	-2.5	0	-3
6.36272	-2.64411	-1678.06	-683.031	6.36265	-2.64414	6.35	-2.65	0	-3
-38600.2	94800.6	-401.222	980.086	6.38105	-2.77438	6.4	-2.8	1.00003	-3.00012
6.46097	-2.95059	687.651	-1669.99	6.461	-2.95066	6.45	-2.95	1.00003	-3.00009
86343	35550.5	888.589	362.986	6.50958	-3.15806	6.5	-3.15	0.999284	-3.99712
6.55351	-3.36162	-1535.11	-623.356	6.55345	-3.36165	6.55	-3.35	0.999284	-3.99712
-36736.2	90432.5	-378.211	927.06	6.64067	-3.46888	6.6	-3.45	0.909922	-1.81983
6.63533	-3.55454	743.463	-1815.2	6.63536	-3.55462	6.65	-3.55	0.909917	-1.81984
92108.9	37722	946.557	384.876	6.70376	-3.69784	6.7	-3.7	0.999335	-2.99802
6.75157	-3.84593	-1434.12	-578.923	6.75151	-3.84595	6.75	-3.85	0.99934	-2.99802
-35083.4	86871.1	-359.993	886.089	6.65288	-3.91672	6.8	-4	0.908549	-2.72564
6.85761	-4.15458	776.235	-1903.09	6.85764	-4.15466	6.85	-4.15	0.908537	-2.72561
92942.5	37905.3	950.318	385.77	6.9447	-4.2991	6.9	-4.25	0.90988	-1.81977
6.94851	-4.34201	-1333.59	-538.379	6.94846	-4.34203	6.95	-4.35	0.909876	-1.81975
-33203.2	82203.8	-340.609	837.132	7.09552	-4.55441	7	-4.5	1.00008	-3.00024
7.03503	-4.64602	798.126	-1954.39	7.03506	-4.6461	7.05	-4.65	1.00008	-3.00024
91587.2	37396.8	933.501	377.599	7.25009	-4.88515	7.15	-4.8	1.99984	-2.99976
7.26247	-4.93178	-1254.71	-501.507	7.26242	-4.9318	7.25	-4.95	1.99984	-2.99976
-31510.5	78789	-319.326	793.802	7.33292	-5.08676	7.3	-5.05	1.00028	-2.00057
7.35207	-5.15525	803.986	-1993.09	7.3521	-5.15533	7.35	-5.15	1.00028	-2.00056
91147.4	36762.2	926.731	371.123	7.40318	-5.28627	7.4	-5.3	1.00003	-3.00012
7.44103	-5.44334	-1208.58	-479.39	7.44098	-5.44336	7.45	-5.45	1.00004	-3.00012
-30672.2	77277.8	-311.465	777.879	7.46878	-5.50726	7.55	-5.55	1.99961	-1.99961
7.66558	-5.64692	812.978	-2024.35	7.66561	-5.647	7.65	-5.65	1.9996	-1.9996
89808.5	36060.9	908.569	362.194	7.70927	-5.8194	7.7	-5.8	1.00027	-3.00084
7.75729	-5.96144	-1159.95	-457.766	7.75724	-5.96146	7.75	-5.95	1.00028	-3.00084
-29632.9	75035	-299.826	752.246	7.71187	-5.94164	7.85	-6.05	1.9998	-1.99981
7.95002	-6.14601	813.636	-2035.9	7.95005	-6.14609	7.95	-6.15	1.9998	-1.9998
88151	35222.3	888.56	352.84	8.03808	-6.28852	8	-6.25	1.00004	-2.00008
8.0435	-6.35765	-1130.74	-445.075	8.04346	-6.35767	8.05	-6.35	1.00004	-2.00008
-29204	74138	-295.478	741.599	8.1071	-6.48544	8.15	-6.5	1.99951	-2.99928
8.25739	-6.65999	819.895	-2052.27	8.25742	-6.66007	8.25	-6.65	1.9995	-2.99925
86717.4	34636.8	869.836	345.531	8.38768	-6.7963	8.3	-6.75	0.90921	-1.81841
8.33163	-6.86988	-1098.55	-432.94	8.33159	-6.8699	8.35	-6.85	0.90921	-1.81841
-28867.7	73188.9	-290.805	730.414	8.58336	-7.15056	8.4	-7	1.0001	-3.00036
8.45776	-7.15277	826.152	-2070.19	8.45779	-7.15285	8.45	-7.15	1.00011	-3.00036
84323.2	33643	844.187	333.755	8.37938	-7.10665	8.55	-7.25	1.99907	-1.99908
8.64704	-7.34538	-1054.57	-411.45	8.647	-7.3454	8.65	-7.35	1.99908	-1.99908
-27692.2	70912.1	-276.55	701.104	8.76035	-7.57239	8.7	-7.5	1.00058	-3.00174
8.76118	-7.66031	815.679	-2063.7	8.76121	-7.66039	8.75	-7.65	1.00057	-3.00171
81146.6	32064.6	809.163	317.617	8.81118	-7.75569	8.8	-7.75	0.999844	-1.99968
8.84367	-7.83626	-1027.14	-399.348	8.84363	-7.83628	8.85	-7.85	0.999844	-1.99968
-27187.2	69858	-272.439	690.93	9.07758	-8.1058	8.95	-8	2.00017	-3.00024
9.05235	-8.1583	817.072	-2068.2	9.05238	-8.15838	9.05	-8.15	2.00014	-3.00021
78896.2	31159.9	782.922	306.991	9.05557	-8.22632	9.1	-8.25	0.998905	-1.99781
9.15496	-8.35135	-998.338	-387.46	9.15492	-8.35136	9.15	-8.35	0.998886	-1.99779
-26696.4	68714.7	-265.285	677.078	9.30408	-8.57245	9.2	-8.5	0.908863	-2.72657
9.25427	-8.64453	812.671	-2070.48	9.2543	-8.64461	9.25	-8.65	0.908855	-2.72655
75773.7	29731.7	750.741	292.004	9.15971	-8.67035	9.3	-8.8	0.909475	-2.72841
9.35168	-8.95147	-962.349	-369.74	9.35164	-8.95148	9.35	-8.95	0.909466	-2.72839
-25905.1	67348.5	-256.634	659.742	9.47941	-9.179	9.4	-9.1	0.999765	-2.99935
9.44269	-9.24103	807.096	-2071.79	9.44272	-9.24111	9.45	-9.25	0.999774	-2.99934
72894	28386.1	718.546	277.875	9.53008	-9.38561	9.5	-9.35	0.908962	-1.81792
9.57523	-9.43723	-929.501	-355.954	9.5752	-9.43724	9.55	-9.45	0.908954	-1.8179
-25229.7	65802.2	-249.147	644.148	9.60163	-9.60777	9.6	-9.6	0.909988	-2.72996
9.629	-9.75544	799.022	-2062.8	9.62903	-9.75552	9.65	-9.75	0.909971	-2.72993
69437.7	26885.2	682.921	261.635	9.69155	-9.89958	9.7	-9.9	0.907972	-2.7239
9.74485	-10.046	-898.69	-339.421	9.74482	-10.046	9.75	-10.05	0.907972	-2.72391
-24401.7	64524	-238.644	626.628	9.69256	-10.1336	9.75	-10.2	0	-2.73106
9.75261	-10.3487	784.128	-2055.96	9.75264	-10.3488	9.75	-10.35	0	-2.73105
65907.7	25124.5	646.552	243.299	9.82419	-10.5024	9.8	-10.5	1	-2.99999
9.83237	-10.6514	-865.368	-320.166	9.83234	-10.6514	9.85	-10.65	0.999994	-2.99996
-23302.6	62893.5	-227.006	607.14	9.825	-10.7525	9.85	-10.8	0	-3.00047
9.8503	-10.9602	763.204	-2038.87	9.85033	-10.9603	9.85	-10.95	0	-3.00048
61739	23097.7	602.466	224.027	9.91881	-11.1448	9.85	-11.05	0	-1.9956
9.8606	-11.1502	-828.557	-305.658	9.86057	-11.1502	9.85	-11.15	0	-1.99559
-22616.5	61213.1	-221.275	594.396	9.83851	-11.2795	9.85	-11.3	0	-2.73184
9.83836	-11.4482	754.307	-2023.71	9.83839	-11.4483	9.85	-11.45	0	-2.73182
56917.1	21201.4	553.909	204.379	9.79654	-11.5922	9.8	-11.6	-0.998566	-2.9957
9.75595	-11.7487	-778.533	-283.937	9.75592	-11.7487	9.75	-11.75	-0.998566	-2.99569
-21425.7	58648.5	-208.378	565.488	9.77699	-11.9246	9.75	-11.9	0	-2.73084
9.75858	-12.049	731.872	-1984.28	9.75861	-12.0491	9.75	-12.05	0	-2.73085
50352.8	18557.6	487.586	178.647	9.63743	-12.1863	9.65	-12.2	-1.81598	-2.72396
9.56516	-12.3446	-717.232	-260.963	9.56514	-12.3446	9.55	-12.35	-1.81597	-2.72396
-20217.8	55463.7	-195.106	535.942	9.47157	-12.4849	9.45	-12.45	-1.82132	-1.82133
9.3475	-12.5407	704.725	-1931.19	9.34752	-12.5408	9.35	-12.55	-1.82131	-1.82131
42937.4	15653.6	416.002	150.842	9.32154	-12.7193	9.3	-12.65	-0.908038	-1.81606
9.24153	-12.7411	-644.215	-232.18	9.24151	-12.7411	9.25	-12.75	-0.908029	-1.81605
-18352.2	50814.9	-175.727	490.036	9.04013	-12.7738	9.05	-12.85	-3.64007	-1.82004
8.83993	-12.9424	656.377	-1823.85	8.83995	-12.9425	8.85	-12.95	-3.64007	-1.82003
33995.1	12219	328.702	118.761	8.73518	-13.0163	8.75	-13	-1.9959	-0.997948
8.63952	-13.0341	-560.922	-203.257	8.6395	-13.0341	8.65	-13.05	-1.9959	-0.997948
-16513.3	45464.5	-158.602	440.499	8.48414	-13.0416	8.5	-13.1	-2.73149	-0.910502
8.34266	-13.145	608.802	-1683.97	8.34268	-13.1451	8.35	-13.15	-2.73146	-0.910485
25648.3	9256.94	247.188	90.0416	8.19497	-13.1991	8.2	-13.2	-2.72385	-0.907955
8.06109	-13.2364	-475.032	-173.758	8.06107	-13.2364	8.05	-13.25	-2.72383	-0.907947
-14511.8	39566.6	-138.389	382.69	7.88931	-13.1791	7.9	-13.25	-2.72673	0
7.75591	-13.2424	547.427	-1505.32	7.75593	-13.2425	7.75	-13.25	-2.72673	0
17997.1	6529.36	173.098	64.5557	7.52542	-13.1457	7.6	-13.25	-2.72991	0
7.44993	-13.2329	-381.938	-143.714	7.44992	-13.2329	7.45	-13.25	-2.72991	0
-12401.8	32855.2	-117.06	318.866	7.19347	-13.1392	7.25	-13.2	-3.63887	0.909723
7.05466	-13.1604	475.127	-1282.02	7.05468	-13.1604	7.05	-13.15	-3.63887	0.909723
11006.5	4063.57	106.815	40.878	6.90569	-13.1515	6.9	-13.15	-2.72312	0
6.73256	-13.1364	-273.676	-105.291	6.73255	-13.1364	6.75	-13.15	-2.72312	0
-9366.08	24242.3	-88.4066	234.212	6.69426	-13.3705	6.6	-13.15	-3.00475	0
6.42748	-13.1436	367.653	-965.131	6.42749	-13.1436	6.45	-13.15	-3.00472	0
5467.81	2067.31	52.518	21.8936	6.4246	-13.2048	6.35	-13.1	-1.9976	0.998786
6.25031	-13.0552	-164.028	-68.1302	6.2503	-13.0552	6.25	-13.05	-1.99758	0.998786
-6291.47	15051.6	-58.4522	146.227	6.162	-13.1569	6.1	-13	-2.72732	0.909111
5.95165	-12.9396	247.472	-609.013	5.95166	-12.9396	5.95	-12.95	-2.72732	0.909111
1347.51	532.344	13.4956	7.66449	5.78184	-12.8825	5.8	-12.9	-2.72895	0.909657
5.64785	-12.8416	-46.7886	-25.5473	5.64785	-12.8416	5.65	-12.85	-2.72896	0.909648
-2598.07	4680.53	-22.4598	46.7107	5.54035	-12.7925	5.55	-12.75	-1.81808	1.81809
5.43842	-12.6552	97.5135	-193.024	5.43842	-12.6552	5.45	-12.65	-1.81809	1.81809
-782.313	-410.474	-6.77127	-0.384851	5.33087	-12.5965	5.3	-12.55	-2.7236	1.81575
5.12059	-12.4527	33.2676	7.71674	5.12059	-12.4527	5.15	-12.45	-2.72358	1.81572
651.209	-2829.86	3.12737	-23.186	5.13793	-12.5907	5.05	-12.35	-1.81967	1.81966
4.95241	-12.2277	-19.0029	108.831	4.95241	-12.2277	4.95	-12.25	-1.81967	1.81967
-1358.64	-223.423	-13.6162	-5.51724	4.81467	-12.1072	4.85	-12.1	-1.81844	2.72766
4.75144	-11.9561	54.2655	17.1721	4.75144	-11.9561	4.75	-11.95	-1.81844	2.72767
1551.22	-4923.66	12.9371	-47.5467	4.6829	-11.7433	4.7	-11.85	-0.909557	1.8191
4.67603	-11.7496	-56.8701	197.877	4.67603	-11.7496	4.65	-11.75	-0.909553	1.81911
-1177.14	-325.145	-11.487	-6.11951	4.61619	-11.6508	4.6	-11.6	-0.907782	2.72335
4.5432	-11.4431	45.7242	19.8987	4.5432	-11.4431	4.55	-11.45	-0.907778	2.72334
1926.31	-4445.43	14.9723	-43.366	4.48104	-11.1618	4.5	-11.25	-0.910253	3.64099
4.44374	-11.0696	-67.4175	180.335	4.44374	-11.0696	4.45	-11.05	-0.910253	3.64099
-312.959	-104.333	-4.67493	-3.48242	4.46178	-10.9843	4.45	-10.95	0	1.81804
4.4464	-10.8663	13.1297	8.46271	4.4464	-10.8663	4.45	-10.85	0	1.81805
890.456	-1396.33	6.85346	-13.5729	4.60972	-11.1274	4.45	-10.75	0	1.81614
4.43858	-10.6346	-31.393	56.2668	4.43858	-10.6346	4.45	-10.65	0	1.81614
363.146	215.742	4.3747	-1.3082	4.43099	-10.4242	4.45	-10.45	0	3.6396
4.44616	-10.2449	-18.1264	-0.546525	4.44616	-10.2449	4.45	-10.25	0	3.6396
-63.1613	1317.42	2.06569	7.81712	4.52156	-10.1192	4.5	-10.1	0.910021	2.73005
4.55225	-9.94382	-4.33756	-45.3409	4.55225	-9.94382	4.55	-9.95	0.910013	2.73003
-7291.9	672.42	-64.5928	8.73662	4.5897	-9.73456	4.6	-9.8	0.999085	2.99725
4.64585	-9.65356	283.507	-34.5122	4.64586	-9.65356	4.65	-9.65	0.99908	2.99724
-2116.9	-17401.8	-20.6141	-158.675	4.61159	-9.38621	4.7	-9.55	0.910095	1.82021
4.7442	-9.45685	85.1591	669.134	4.7442	-9.45683	4.75	-9.45	0.910091	1.82018
107194	-13647.2	990.84	-127.783	4.80746	-9.23434	4.85	-9.3	1.99828	2.99743
4.94213	-9.15916	-3734.53	479.293	4.94202	-9.15915	4.95	-9.15	1.99826	2.99739
118381	922741	1096.07	8523.5	5.03379	-9.03255	5	-9	0.908384	2.72514
5.0604	-8.84265	-261.8	-2003.19	5.06039	-8.84271	5.05	-8.85	0.908384	2.72514
-394289	51500	-3624.33	474.515	5.21058	-8.83852	5.15	-8.75	1.81679	1.8168
5.26579	-8.65548	6266.97	-821.087	5.26598	-8.6555	5.25	-8.65	1.81679	1.8168
39228.3	299287	360.185	2757.63	5.33786	-8.49992	5.35	-8.5	1.82017	2.73024
5.43515	-8.36371	178.027	1336.06	5.43516	-8.36367	5.45	-8.35	1.82015	2.73022
222321	-29631.4	2022.46	-269.857	5.58025	-8.28767	5.55	-8.25	1.81852	1.81852
5.65241	-8.16862	-5567.03	742.034	5.65225	-8.1686	5.65	-8.15	1.8185	1.8185
-55352	-415263	-507.516	-3809.2	5.83663	-8.14888	5.75	-8.05	1.81752	1.81753
5.81187	-7.95135	-181.461	-1363.3	5.81186	-7.95139	5.85	-7.95	1.81752	1.81752
-223013	29656	-2044.07	272.375	5.99151	-7.92468	5.95	-7.85	1.8194	1.8194
6.04611	-7.7493	5497.52	-732.181	6.04627	-7.74932	6.05	-7.75	1.81941	1.8194
55201.2	414338	503.721	3788.21	6.05883	-7.47931	6.15	-7.6	1.81742	2.72613
6.26178	-7.43801	173.288	1285.47	6.26179	-7.43797	6.25	-7.45	1.8174	2.72611
202282	-27277.2	1834.64	-246.652	6.3458	-7.29797	6.4	-7.35	2.7248	1.81653
6.55249	-7.24443	-5211.19	699.733	6.55234	-7.24441	6.55	-7.25	2.72477	1.81651
-66907.2	-498284	-609.853	-4537.03	6.61964	-7.17343	6.65	-7.2	1.81957	0.909789
6.74556	-7.15301	-161.618	-1224.8	6.74556	-7.15305	6.75	-7.15	1.81957	0.909785
-186466	24576.5	-1708.96	224.919	6.91901	-7.04822	6.9	-7.05	2.72946	1.81964
7.06872	-6.9401	4977.14	-654.484	7.06886	-6.94012	7.05	-6.95	2.72946	1.81964
82591	627910	749.417	5698.84	7.12574	-6.81829	7.15	-6.85	1.81554	1.81554
7.25262	-6.73855	152.808	1165.5	7.25262	-6.73852	7.25	-6.75	1.81554	1.81554
172060	-22567.7	1560.4	-204.216	7.30586	-6.61905	7.35	-6.65	1.82007	1.82007
7.45775	-6.53829	-4732.93	618.713	7.45762	-6.53827	7.45	-6.55	1.82005	1.82005
-124569	-952965	-1128.26	-8618.76	7.59546	-6.48319	7.6	-6.5	2.72628	0.908764
7.74315	-6.4491	-139.055	-1106.07	7.74315	-6.44913	7.75	-6.45	2.72628	0.908764
-158904	19947.6	-1455.72	182.285	7.8486	-6.40709	7.85	-6.4	1.81656	0.908285
7.95827	-6.3415	4513.85	-564.73	7.9584	-6.34152	7.95	-6.35	1.81656	0.908281
294338	2.35219e+06	2653.36	21202.2	8.05398	-6.23227	8.1	-6.25	2.73006	1.82003
8.24773	-6.14853	129.909	1063.99	8.24773	-6.1485	8.25	-6.15	2.73005	1.82003
148449	-18134.5	1346.22	-162.891	8.32369	-5.98136	8.4	-6.05	2.72692	1.81795
8.55168	-5.93993	-4296.85	519.509	8.55156	-5.93992	8.55	-5.95	2.7269	1.81794
364133	3.01227e+06	3271.55	27061.9	8.63806	-5.84559	8.65	-5.85	1.81844	1.81844
8.7543	-5.75239	-114.887	-978.509	8.7543	-5.75242	8.75	-5.75	1.81843	1.81843
-132178	15488.3	-1196.41	139.197	9.00947	-5.71389	8.9	-5.65	2.72464	1.81643
9.06102	-5.54127	3980.22	-462.846	9.06113	-5.54128	9.05	-5.55	2.72465	1.81643
-67036.9	-576484	-599.393	-5162.41	9.13937	-5.44533	9.15	-5.45	1.81916	1.81918
9.24452	-5.33522	103.824	915.47	9.24452	-5.3352	9.25	-5.35	1.81916	1.81916
120464	-13671.5	1083.14	-121.509	9.26221	-5.25032	9.35	-5.3	1.81895	0.909466
9.43655	-5.25802	-3722.4	417.497	9.43645	-5.25801	9.45	-5.25	1.81894	0.90947
34490.2	307662	307.697	2746.92	9.71784	-5.19928	9.55	-5.1	1.81986	2.72981
9.64908	-4.95308	-93.6363	-858.175	9.64908	-4.9531	9.65	-4.95	1.81987	2.72981
-109913	11961.5	-985.534	106.818	9.67182	-4.82288	9.75	-4.85	1.81736	1.81735
9.86673	-4.7472	3473.1	-376.104	9.86682	-4.74721	9.85	-4.75	1.81736	1.81735
-20370	-188179	-180.431	-1673.96	9.94653	-4.64316	9.95	-4.65	1.81806	1.81805
10.0706	-4.54318	81.3382	774.192	10.0706	-4.54316	10.05	-4.55	1.81805	1.81805
96267.4	-10123	859.308	-88.3086	10.4074	-4.52899	10.2	-4.45	2.72609	1.8174
10.3432	-4.35108	-3136.23	322.923	10.3431	-4.35107	10.35	-4.35	2.72606	1.81737
11459.1	111418	102.103	989.818	10.3837	-4.17982	10.4	-4.2	0.908945	2.72688
10.4578	-4.07069	-70.0041	-688.146	10.4578	-4.07071	10.45	-4.05	0.908953	2.72687
-83102.9	8422.27	-737.081	73.8801	10.5531	-3.94939	10.55	-3.95	1.81903	1.81904
10.6423	-3.84125	2783.11	-279.039	10.6424	-3.84126	10.65	-3.85	1.81902	1.81903
-6740.13	-67327.9	-58.7999	-595.758	10.6157	-3.63689	10.75	-3.7	1.81931	2.72896
10.8572	-3.53959	56.4115	590.385	10.8572	-3.53957	10.85	-3.55	1.81931	2.72896
69045.2	-6606.15	612.302	-58.0526	10.8149	-3.35552	10.9	-3.4	0.999745	2.99928
10.9373	-3.24817	-2379.21	225.377	10.9372	-3.24816	10.95	-3.25	0.999754	2.99928
3698.22	39166.9	31.3443	345.741	10.9078	-3.10703	11.05	-3.15	1.81764	1.81765
11.135	-3.05696	-40.2717	-484.635	11.135	-3.05697	11.15	-3.05	1.81763	1.81764
-55424.3	4573.98	-493.263	40.8535	11.1507	-2.87978	11.2	-2.9	0.909657	2.72896
11.257	-2.74346	1962.04	-161.808	11.2571	-2.74346	11.25	-2.75	0.909648	2.72893
-1850.43	-22574.5	-17.8593	-198.076	11.2614	-2.58697	11.2	-2.6	-0.998725	2.99617
11.1393	-2.45313	35.9176	380.207	11.1393	-2.45312	11.15	-2.45	-0.998725	2.99616
41839.8	-3960.24	362.201	-33.6211	11.2346	-2.28949	11.2	-2.3	0.908813	2.72643
11.239	-2.16508	-1502.38	139.588	11.239	-2.16508	11.25	-2.15	0.908805	2.7264
835.524	9116.27	7.03342	80.6467	11.1623	-1.9797	11.3	-2	0.909855	2.72956
11.3424	-1.85112	-16.4301	-206.784	11.3424	-1.85113	11.35	-1.85	0.909847	2.72953
